model,signal_type,precision,recall,f1_score,auc_roc,pr_auc,accuracy,true_anomalies,predicted_anomalies,total_samples,train_time_s,fold,threshold,best_hyperparams
IsolationForest,logs,0.4755,0.742,0.5796,0.6355,0.5321,0.5752,4124,6435,10449,27.51,1,0.08,"{'n_estimators': 100, 'contamination': 0.03183923284706837, 'max_features': 0.5290418060840998, 'max_samples': 0.9330880728874675}"
OneClassSVM,logs,0.3981,0.9748,0.5654,0.5852,0.5297,0.4085,4124,10097,10449,13.09,1,0.03,"{'kernel': 'rbf', 'nu': 0.044846856872152424, 'gamma': 'auto'}"
LSTM_AE,logs,0.3938,1.0,0.5651,0.3205,0.4584,0.3938,4109,10434,10434,840.54,1,0.01,"{'hidden_dim': 64, 'n_layers': 2, 'lr': 0.0002051338263087451, 'dropout': 0.07799726016810132, 'epochs': 30}"
Transformer_AE,logs,0.3938,1.0,0.5651,0.6874,0.6596,0.3938,4109,10434,10434,2031.6,1,0.01,"{'d_model': 32, 'nhead': 8, 'n_layers': 1, 'lr': 0.0002465844721448739, 'dropout': 0.022613644455269033, 'epochs': 50}"
CNN1D_AE,logs,0.3938,1.0,0.5651,0.4133,0.531,0.3938,4109,10434,10434,510.55,1,0.01,"{'filters': 32, 'kernel_size': 3, 'n_layers': 4, 'lr': 0.0015930522616241021, 'dropout': 0.35403628889802274, 'epochs': 30}"
LSTM_VAE,logs,0.3938,1.0,0.5651,0.3094,0.4539,0.3938,4109,10434,10434,560.6,1,0.01,"{'hidden_dim': 64, 'n_layers': 2, 'latent_dim': 16, 'lr': 0.005399484409787433, 'dropout': 0.3005575058716044, 'beta': 0.1595857358814127, 'epochs': 30}"
IsolationForest,traces,0.2711,0.8628,0.4126,0.5444,0.3491,0.3457,3069,9767,11524,30.38,1,0.01,"{'n_estimators': 100, 'contamination': 0.03183923284706837, 'max_features': 0.5290418060840998, 'max_samples': 0.9330880728874675}"
OneClassSVM,traces,0.2657,0.9948,0.4193,0.518,0.3027,0.2663,3069,11492,11524,19.68,1,0.01,"{'kernel': 'rbf', 'nu': 0.044846856872152424, 'gamma': 'auto'}"
LSTM_AE,traces,0.2653,1.0,0.4193,0.1901,0.2252,0.2653,3053,11508,11508,1023.67,1,0.01,"{'hidden_dim': 64, 'n_layers': 2, 'lr': 0.0002051338263087451, 'dropout': 0.07799726016810132, 'epochs': 30}"
Transformer_AE,traces,0.4483,0.9676,0.6127,0.9539,0.8597,0.6755,3053,6589,11508,2141.45,1,0.49,"{'d_model': 128, 'nhead': 8, 'n_layers': 1, 'lr': 0.0040215545266902904, 'dropout': 0.03727532183988541, 'epochs': 100}"
CNN1D_AE,traces,0.2653,1.0,0.4193,0.3843,0.3542,0.2653,3053,11508,11508,1005.28,1,0.01,"{'filters': 32, 'kernel_size': 7, 'n_layers': 4, 'lr': 0.003652788949797526, 'dropout': 0.1531221286499025, 'epochs': 80}"
LSTM_VAE,traces,0.2653,1.0,0.4193,0.2722,0.2778,0.2653,3053,11508,11508,529.98,1,0.01,"{'hidden_dim': 64, 'n_layers': 2, 'latent_dim': 16, 'lr': 0.005399484409787433, 'dropout': 0.3005575058716044, 'beta': 0.1595857358814127, 'epochs': 30}"
IsolationForest,metrics,0.4179,0.6789,0.5173,0.5493,0.496,0.4806,30879,50169,75322,245.33,1,0.01,"{'n_estimators': 100, 'contamination': 0.03183923284706837, 'max_features': 0.5290418060840998, 'max_samples': 0.9330880728874675}"
OneClassSVM,metrics,0.4103,0.9608,0.575,0.4987,0.4327,0.4178,30879,72304,75322,46.9,1,0.14,"{'kernel': 'sigmoid', 'nu': 0.036503833523887946, 'gamma': 'auto'}"
LSTM_AE,metrics,0.4099,1.0,0.5814,0.1993,0.3556,0.4099,30870,75313,75313,4988.47,1,0.01,"{'hidden_dim': 64, 'n_layers': 2, 'lr': 0.0002051338263087451, 'dropout': 0.07799726016810132, 'epochs': 30}"
Transformer_AE,metrics,0.993,0.9557,0.974,0.9944,0.993,0.9791,30870,29711,75313,6028.29,1,0.5,"{'d_model': 128, 'nhead': 4, 'n_layers': 2, 'lr': 0.0007162786999897341, 'dropout': 0.012709563372047594, 'epochs': 30}"
CNN1D_AE,metrics,0.4099,1.0,0.5814,0.2048,0.3691,0.4099,30870,75313,75313,824.61,1,0.01,"{'filters': 32, 'kernel_size': 3, 'n_layers': 4, 'lr': 0.0015930522616241021, 'dropout': 0.35403628889802274, 'epochs': 30}"
LSTM_VAE,metrics,0.4099,1.0,0.5814,0.1694,0.315,0.4099,30870,75313,75313,1999.63,1,0.01,"{'hidden_dim': 64, 'n_layers': 2, 'latent_dim': 16, 'lr': 0.005399484409787433, 'dropout': 0.3005575058716044, 'beta': 0.1595857358814127, 'epochs': 30}"
IsolationForest,logs,0.4712,0.7375,0.575,0.6383,0.5494,0.5678,4156,6504,10481,29.82,2,0.08,"{'n_estimators': 350, 'contamination': 0.10913016089144635, 'max_features': 0.5102922471479012, 'max_samples': 0.9849549260809971}"
OneClassSVM,logs,0.4012,0.9711,0.5678,0.5899,0.5352,0.4137,4156,10061,10481,12.99,2,0.03,"{'kernel': 'rbf', 'nu': 0.044846856872152424, 'gamma': 'auto'}"
LSTM_AE,logs,0.3957,1.0,0.567,0.3317,0.4655,0.3957,4142,10467,10467,1039.78,2,0.01,"{'hidden_dim': 64, 'n_layers': 2, 'lr': 0.0002051338263087451, 'dropout': 0.07799726016810132, 'epochs': 30}"
Transformer_AE,logs,0.7784,0.6004,0.6779,0.7519,0.7394,0.7742,4142,3195,10467,2207.97,2,0.49,"{'d_model': 64, 'nhead': 2, 'n_layers': 1, 'lr': 0.0011207606211860567, 'dropout': 0.21597250932105788, 'epochs': 50}"
CNN1D_AE,logs,0.3957,1.0,0.567,0.4142,0.5159,0.3957,4142,10467,10467,573.26,2,0.01,"{'filters': 32, 'kernel_size': 3, 'n_layers': 4, 'lr': 0.0015930522616241021, 'dropout': 0.35403628889802274, 'epochs': 30}"
LSTM_VAE,logs,0.3957,1.0,0.567,0.3209,0.4662,0.3957,4142,10467,10467,632.93,2,0.01,"{'hidden_dim': 64, 'n_layers': 2, 'latent_dim': 16, 'lr': 0.005399484409787433, 'dropout': 0.3005575058716044, 'beta': 0.1595857358814127, 'epochs': 30}"
IsolationForest,traces,0.2768,0.8065,0.4122,0.5419,0.3477,0.3843,3090,9002,11545,30.64,2,0.01,"{'n_estimators': 50, 'contamination': 0.14284397521546666, 'max_features': 0.9828160165372797, 'max_samples': 0.9041986740582306}"
OneClassSVM,traces,0.268,0.9971,0.4224,0.5306,0.3173,0.2702,3090,11497,11545,19.68,2,0.02,"{'kernel': 'rbf', 'nu': 0.044846856872152424, 'gamma': 'auto'}"
LSTM_AE,traces,0.2666,1.0,0.421,0.202,0.2347,0.2666,3074,11529,11529,874.1,2,0.01,"{'hidden_dim': 64, 'n_layers': 2, 'lr': 0.0002051338263087451, 'dropout': 0.07799726016810132, 'epochs': 30}"
Transformer_AE,traces,0.771,0.4304,0.5524,0.5973,0.5594,0.814,3074,1716,11529,2312.9,2,0.5,"{'d_model': 64, 'nhead': 2, 'n_layers': 1, 'lr': 0.003922128691774916, 'dropout': 0.09496194548203149, 'epochs': 50}"
CNN1D_AE,traces,0.5614,0.299,0.3902,0.4447,0.387,0.7508,3074,1637,11529,882.41,2,0.5,"{'filters': 128, 'kernel_size': 3, 'n_layers': 4, 'lr': 0.002592475660475161, 'dropout': 0.36450358402049365, 'epochs': 90}"
LSTM_VAE,traces,0.2666,1.0,0.421,0.284,0.276,0.2666,3074,11529,11529,609.38,2,0.01,"{'hidden_dim': 64, 'n_layers': 2, 'latent_dim': 16, 'lr': 0.005399484409787433, 'dropout': 0.3005575058716044, 'beta': 0.1595857358814127, 'epochs': 30}"
IsolationForest,metrics,0.4196,0.6897,0.5217,0.549,0.4987,0.4785,31195,51283,75638,268.72,2,0.01,"{'n_estimators': 350, 'contamination': 0.10913016089144635, 'max_features': 0.5102922471479012, 'max_samples': 0.9849549260809971}"
OneClassSVM,metrics,0.4117,0.887,0.5624,0.4988,0.437,0.4306,31195,67208,75638,47.25,2,0.14,"{'kernel': 'sigmoid', 'nu': 0.036503833523887946, 'gamma': 'auto'}"
LSTM_AE,metrics,0.4124,1.0,0.5839,0.2179,0.3758,0.4124,31186,75629,75629,5319.42,2,0.01,"{'hidden_dim': 64, 'n_layers': 2, 'lr': 0.0002051338263087451, 'dropout': 0.07799726016810132, 'epochs': 30}"
Transformer_AE,metrics,0.4124,1.0,0.5839,0.384,0.4854,0.4124,31186,75629,75629,4508.87,2,0.01,"{'d_model': 128, 'nhead': 8, 'n_layers': 1, 'lr': 0.0040215545266902904, 'dropout': 0.03727532183988541, 'epochs': 100}"
CNN1D_AE,metrics,0.4124,1.0,0.5839,0.2324,0.3986,0.4124,31186,75629,75629,900.52,2,0.01,"{'filters': 32, 'kernel_size': 3, 'n_layers': 4, 'lr': 0.0015930522616241021, 'dropout': 0.35403628889802274, 'epochs': 30}"
LSTM_VAE,metrics,0.4124,1.0,0.5839,0.173,0.3185,0.4124,31186,75629,75629,2124.55,2,0.01,"{'hidden_dim': 64, 'n_layers': 2, 'latent_dim': 16, 'lr': 0.005399484409787433, 'dropout': 0.3005575058716044, 'beta': 0.1595857358814127, 'epochs': 30}"
IsolationForest,logs,0.4844,0.677,0.5647,0.6323,0.5418,0.5896,4099,5729,10424,28.73,3,0.09,"{'n_estimators': 350, 'contamination': 0.10913016089144635, 'max_features': 0.5102922471479012, 'max_samples': 0.9849549260809971}"
OneClassSVM,logs,0.4034,0.9317,0.563,0.586,0.5304,0.4312,4099,9468,10424,12.92,3,0.04,"{'kernel': 'rbf', 'nu': 0.044846856872152424, 'gamma': 'auto'}"
LSTM_AE,logs,0.3922,1.0,0.5635,0.2869,0.4426,0.3922,4082,10407,10407,769.3,3,0.01,"{'hidden_dim': 64, 'n_layers': 2, 'lr': 0.0002051338263087451, 'dropout': 0.07799726016810132, 'epochs': 30}"
Transformer_AE,logs,0.3922,1.0,0.5635,0.2926,0.467,0.3922,4082,10407,10407,1912.67,3,0.01,"{'d_model': 64, 'nhead': 2, 'n_layers': 1, 'lr': 0.005625729165455617, 'dropout': 0.11209066070459422, 'epochs': 100}"
CNN1D_AE,logs,0.3922,1.0,0.5635,0.4038,0.5221,0.3922,4082,10407,10407,594.73,3,0.01,"{'filters': 32, 'kernel_size': 3, 'n_layers': 4, 'lr': 0.0015930522616241021, 'dropout': 0.35403628889802274, 'epochs': 30}"
LSTM_VAE,logs,0.3922,1.0,0.5635,0.2805,0.4443,0.3922,4082,10407,10407,587.1,3,0.01,"{'hidden_dim': 64, 'n_layers': 2, 'latent_dim': 16, 'lr': 0.005399484409787433, 'dropout': 0.3005575058716044, 'beta': 0.1595857358814127, 'epochs': 30}"
IsolationForest,traces,0.2658,0.8307,0.4027,0.532,0.3472,0.349,3036,9489,11491,29.94,3,0.01,"{'n_estimators': 100, 'contamination': 0.03183923284706837, 'max_features': 0.5290418060840998, 'max_samples': 0.9330880728874675}"
OneClassSVM,traces,0.2641,0.9951,0.4175,0.5195,0.3061,0.2663,3036,11437,11491,19.3,3,0.02,"{'kernel': 'rbf', 'nu': 0.044846856872152424, 'gamma': 'auto'}"
LSTM_AE,traces,0.2633,1.0,0.4169,0.1989,0.2444,0.2633,3022,11477,11477,849.11,3,0.01,"{'hidden_dim': 64, 'n_layers': 2, 'lr': 0.0002051338263087451, 'dropout': 0.07799726016810132, 'epochs': 30}"
Transformer_AE,traces,0.8005,0.4355,0.5641,0.5141,0.5255,0.8228,3022,1644,11477,2439.98,3,0.49,"{'d_model': 32, 'nhead': 8, 'n_layers': 2, 'lr': 0.0005426393507845368, 'dropout': 0.49682487746717774, 'epochs': 80}"
CNN1D_AE,traces,0.2633,1.0,0.4169,0.3668,0.3213,0.2633,3022,11477,11477,803.27,3,0.01,"{'filters': 16, 'kernel_size': 3, 'n_layers': 2, 'lr': 0.0004991714898012407, 'dropout': 0.24082818508135387, 'epochs': 50}"
LSTM_VAE,traces,0.2633,1.0,0.4169,0.2761,0.2789,0.2633,3022,11477,11477,452.91,3,0.01,"{'hidden_dim': 64, 'n_layers': 2, 'latent_dim': 16, 'lr': 0.005399484409787433, 'dropout': 0.3005575058716044, 'beta': 0.1595857358814127, 'epochs': 30}"
IsolationForest,metrics,0.4201,0.6956,0.5238,0.5505,0.4996,0.4807,30958,51264,75401,270.84,3,0.01,"{'n_estimators': 350, 'contamination': 0.10913016089144635, 'max_features': 0.5102922471479012, 'max_samples': 0.9849549260809971}"
OneClassSVM,metrics,0.4117,0.9661,0.5773,0.4976,0.4337,0.4192,30958,72651,75401,47.15,3,0.15,"{'kernel': 'sigmoid', 'nu': 0.036503833523887946, 'gamma': 'auto'}"
LSTM_AE,metrics,0.4105,1.0,0.582,0.2005,0.3477,0.4105,30946,75389,75389,4686.92,3,0.01,"{'hidden_dim': 64, 'n_layers': 2, 'lr': 0.0002051338263087451, 'dropout': 0.07799726016810132, 'epochs': 30}"
Transformer_AE,metrics,0.4584,0.9978,0.6282,0.8158,0.7715,0.5152,30946,67360,75389,5797.25,3,0.49,"{'d_model': 128, 'nhead': 4, 'n_layers': 2, 'lr': 0.0007162786999897341, 'dropout': 0.012709563372047594, 'epochs': 30}"
CNN1D_AE,metrics,0.4105,1.0,0.582,0.2266,0.3907,0.4105,30946,75389,75389,1006.8,3,0.01,"{'filters': 32, 'kernel_size': 3, 'n_layers': 4, 'lr': 0.0015930522616241021, 'dropout': 0.35403628889802274, 'epochs': 30}"
LSTM_VAE,metrics,0.4105,1.0,0.582,0.1728,0.3154,0.4105,30946,75389,75389,2130.25,3,0.01,"{'hidden_dim': 64, 'n_layers': 2, 'latent_dim': 16, 'lr': 0.005399484409787433, 'dropout': 0.3005575058716044, 'beta': 0.1595857358814127, 'epochs': 30}"
IsolationForest,logs,0.5142,0.6844,0.5872,0.646,0.5396,0.6218,4097,5453,10422,28.99,4,0.09,"{'n_estimators': 350, 'contamination': 0.10913016089144635, 'max_features': 0.5102922471479012, 'max_samples': 0.9849549260809971}"
OneClassSVM,logs,0.405,0.9248,0.5633,0.5917,0.5267,0.4363,4097,9356,10422,13.12,4,0.04,"{'kernel': 'rbf', 'nu': 0.044846856872152424, 'gamma': 'auto'}"
LSTM_AE,logs,0.3922,1.0,0.5634,0.2959,0.4177,0.3922,4081,10406,10406,785.47,4,0.01,"{'hidden_dim': 64, 'n_layers': 2, 'lr': 0.0002051338263087451, 'dropout': 0.07799726016810132, 'epochs': 30}"
Transformer_AE,logs,0.3922,1.0,0.5634,0.445,0.4886,0.3922,4081,10406,10406,2581.62,4,0.01,"{'d_model': 32, 'nhead': 8, 'n_layers': 1, 'lr': 0.0002465844721448739, 'dropout': 0.022613644455269033, 'epochs': 50}"
CNN1D_AE,logs,0.3922,1.0,0.5634,0.3367,0.4306,0.3922,4081,10406,10406,600.97,4,0.01,"{'filters': 32, 'kernel_size': 3, 'n_layers': 4, 'lr': 0.0015930522616241021, 'dropout': 0.35403628889802274, 'epochs': 30}"
LSTM_VAE,logs,0.3922,1.0,0.5634,0.2864,0.4229,0.3922,4081,10406,10406,586.18,4,0.01,"{'hidden_dim': 64, 'n_layers': 2, 'latent_dim': 16, 'lr': 0.005399484409787433, 'dropout': 0.3005575058716044, 'beta': 0.1595857358814127, 'epochs': 30}"
IsolationForest,traces,0.2666,0.8384,0.4045,0.5326,0.3546,0.3457,3050,9592,11505,31.78,4,0.01,"{'n_estimators': 350, 'contamination': 0.029529140491285855, 'max_features': 0.6460723242676091, 'max_samples': 0.6831809216468459}"
OneClassSVM,traces,0.2654,0.9984,0.4193,0.522,0.3069,0.2668,3050,11475,11505,19.14,4,0.01,"{'kernel': 'rbf', 'nu': 0.044846856872152424, 'gamma': 'auto'}"
LSTM_AE,traces,0.2641,1.0,0.4178,0.2391,0.3171,0.2641,3034,11489,11489,1105.48,4,0.01,"{'hidden_dim': 64, 'n_layers': 2, 'lr': 0.0002051338263087451, 'dropout': 0.07799726016810132, 'epochs': 30}"
Transformer_AE,traces,0.8461,0.8283,0.8371,0.9429,0.8776,0.9149,3034,2970,11489,2503.23,4,0.49,"{'d_model': 128, 'nhead': 8, 'n_layers': 1, 'lr': 0.0040215545266902904, 'dropout': 0.03727532183988541, 'epochs': 100}"
CNN1D_AE,traces,0.2641,1.0,0.4178,0.3732,0.3687,0.2641,3034,11489,11489,1112.92,4,0.01,"{'filters': 16, 'kernel_size': 5, 'n_layers': 4, 'lr': 0.0005170191786366995, 'dropout': 0.14046725484369038, 'epochs': 70}"
LSTM_VAE,traces,0.2641,1.0,0.4178,0.2685,0.295,0.2641,3034,11489,11489,553.57,4,0.01,"{'hidden_dim': 64, 'n_layers': 2, 'latent_dim': 16, 'lr': 0.005399484409787433, 'dropout': 0.3005575058716044, 'beta': 0.1595857358814127, 'epochs': 30}"
IsolationForest,metrics,0.4158,0.685,0.5174,0.5495,0.4962,0.4755,30958,51002,75401,264.8,4,0.01,"{'n_estimators': 350, 'contamination': 0.10913016089144635, 'max_features': 0.5102922471479012, 'max_samples': 0.9849549260809971}"
OneClassSVM,metrics,0.4119,0.8867,0.5625,0.4994,0.4295,0.4336,30958,66648,75401,47.41,4,0.13,"{'kernel': 'sigmoid', 'nu': 0.036503833523887946, 'gamma': 'auto'}"
LSTM_AE,metrics,0.4105,1.0,0.5821,0.2082,0.3658,0.4105,30949,75392,75392,5751.79,4,0.01,"{'hidden_dim': 64, 'n_layers': 2, 'lr': 0.0002051338263087451, 'dropout': 0.07799726016810132, 'epochs': 30}"
Transformer_AE,metrics,0.4105,1.0,0.5821,0.3848,0.5303,0.4105,30949,75392,75392,3512.39,4,0.01,"{'d_model': 128, 'nhead': 8, 'n_layers': 1, 'lr': 0.0035290838829581147, 'dropout': 0.1556709937174729, 'epochs': 80}"
CNN1D_AE,metrics,0.4105,1.0,0.5821,0.2111,0.3887,0.4105,30949,75392,75392,1054.79,4,0.01,"{'filters': 32, 'kernel_size': 3, 'n_layers': 4, 'lr': 0.0015930522616241021, 'dropout': 0.35403628889802274, 'epochs': 30}"
LSTM_VAE,metrics,0.4105,1.0,0.5821,0.1696,0.3165,0.4105,30949,75392,75392,2169.37,4,0.01,"{'hidden_dim': 64, 'n_layers': 2, 'latent_dim': 16, 'lr': 0.005399484409787433, 'dropout': 0.3005575058716044, 'beta': 0.1595857358814127, 'epochs': 30}"
IsolationForest,logs,0.516,0.6851,0.5887,0.6457,0.5451,0.6268,4040,5364,10365,23.02,5,0.09,"{'n_estimators': 350, 'contamination': 0.10913016089144635, 'max_features': 0.5102922471479012, 'max_samples': 0.9849549260809971}"
OneClassSVM,logs,0.3985,0.95,0.5614,0.4969,0.419,0.4215,4040,9632,10365,14.57,5,0.34,"{'kernel': 'sigmoid', 'nu': 0.036503833523887946, 'gamma': 'auto'}"
LSTM_AE,logs,0.3891,1.0,0.5602,0.3066,0.4386,0.3891,4028,10353,10353,834.04,5,0.01,"{'hidden_dim': 64, 'n_layers': 2, 'lr': 0.0002051338263087451, 'dropout': 0.07799726016810132, 'epochs': 30}"
Transformer_AE,logs,0.3891,1.0,0.5602,0.3726,0.4929,0.3891,4028,10353,10353,2037.02,5,0.01,"{'d_model': 64, 'nhead': 2, 'n_layers': 1, 'lr': 0.005399484409787433, 'dropout': 0.3005575058716044, 'epochs': 80}"
CNN1D_AE,logs,0.3891,1.0,0.5602,0.3651,0.4874,0.3891,4028,10353,10353,656.33,5,0.01,"{'filters': 32, 'kernel_size': 3, 'n_layers': 4, 'lr': 0.0015930522616241021, 'dropout': 0.35403628889802274, 'epochs': 30}"
LSTM_VAE,logs,0.3891,1.0,0.5602,0.2999,0.4393,0.3891,4028,10353,10353,611.72,5,0.01,"{'hidden_dim': 64, 'n_layers': 2, 'latent_dim': 16, 'lr': 0.005399484409787433, 'dropout': 0.3005575058716044, 'beta': 0.1595857358814127, 'epochs': 30}"
IsolationForest,traces,0.2697,0.8546,0.4101,0.5304,0.3489,0.3475,3054,9676,11509,25.2,5,0.01,"{'n_estimators': 350, 'contamination': 0.10913016089144635, 'max_features': 0.5102922471479012, 'max_samples': 0.9849549260809971}"
OneClassSVM,traces,0.2654,1.0,0.4194,0.5048,0.2768,0.2654,3054,11508,11509,16.55,5,0.01,"{'kernel': 'poly', 'nu': 0.12374511199743694, 'gamma': 'scale'}"
LSTM_AE,traces,0.2644,1.0,0.4182,0.2437,0.326,0.2644,3039,11494,11494,836.12,5,0.01,"{'hidden_dim': 64, 'n_layers': 2, 'lr': 0.0002051338263087451, 'dropout': 0.07799726016810132, 'epochs': 30}"
Transformer_AE,traces,0.2644,1.0,0.4182,0.9905,0.9834,0.2644,3039,11494,11494,2317.3,5,0.01,"{'d_model': 128, 'nhead': 4, 'n_layers': 2, 'lr': 0.00043308435993796206, 'dropout': 0.08002692399577624, 'epochs': 80}"
CNN1D_AE,traces,0.2644,1.0,0.4182,0.4305,0.4504,0.2644,3039,11494,11494,741.09,5,0.01,"{'filters': 64, 'kernel_size': 7, 'n_layers': 4, 'lr': 0.0020799706636213575, 'dropout': 0.1821495010096222, 'epochs': 40}"
LSTM_VAE,traces,0.2644,1.0,0.4182,0.2312,0.3022,0.2644,3039,11494,11494,480.37,5,0.01,"{'hidden_dim': 128, 'n_layers': 1, 'latent_dim': 32, 'lr': 0.000661859559718348, 'dropout': 0.37777556927152434, 'beta': 0.024474916579073802, 'epochs': 30}"
IsolationForest,metrics,0.4193,0.6774,0.518,0.546,0.4938,0.4823,30958,50018,75401,181.55,5,0.01,"{'n_estimators': 100, 'contamination': 0.03183923284706837, 'max_features': 0.5290418060840998, 'max_samples': 0.9330880728874675}"
OneClassSVM,metrics,0.4131,0.9935,0.5836,0.4991,0.4306,0.4179,30958,74448,75401,46.13,5,0.12,"{'kernel': 'sigmoid', 'nu': 0.036503833523887946, 'gamma': 'auto'}"
LSTM_AE,metrics,0.4105,1.0,0.5821,0.2099,0.3714,0.4105,30947,75390,75390,5461.69,5,0.01,"{'hidden_dim': 64, 'n_layers': 2, 'lr': 0.0002051338263087451, 'dropout': 0.07799726016810132, 'epochs': 30}"
Transformer_AE,metrics,0.4105,1.0,0.5821,0.4576,0.5946,0.4105,30947,75390,75390,8304.81,5,0.01,"{'d_model': 128, 'nhead': 4, 'n_layers': 2, 'lr': 0.0004529783664935371, 'dropout': 0.11395690701105249, 'epochs': 80}"
CNN1D_AE,metrics,0.4105,1.0,0.5821,0.2037,0.3754,0.4105,30947,75390,75390,1089.1,5,0.01,"{'filters': 32, 'kernel_size': 3, 'n_layers': 4, 'lr': 0.0015930522616241021, 'dropout': 0.35403628889802274, 'epochs': 30}"
LSTM_VAE,metrics,0.4105,1.0,0.5821,0.1701,0.3155,0.4105,30947,75390,75390,2341.73,5,0.01,"{'hidden_dim': 64, 'n_layers': 2, 'latent_dim': 16, 'lr': 0.005399484409787433, 'dropout': 0.3005575058716044, 'beta': 0.1595857358814127, 'epochs': 30}"
DEEP_SVDD,metrics,0.5409,0.9113,0.6788,0.6892,0.537,0.6465,30870,52014,75313,2461.91,1,0.51,"{'hidden_dim': 32, 'n_layers': 1, 'latent_dim': 8, 'lr': 0.006795209110101143, 'dropout': 0.03600636747769633, 'pretrain_epochs': 50, 'finetune_epochs': 30}"
DAGMM,metrics,0.9467,0.8935,0.9193,0.9845,0.9811,0.9357,30870,29134,75313,2718.72,1,0.89,"{'hidden_dim': 128, 'n_layers': 1, 'latent_dim': 16, 'n_gmm': 8, 'lr': 0.0011771845855553457, 'dropout': 0.21185195043961869, 'lambda_energy': 0.3627779512152489, 'lambda_cov_diag': 0.0028584235444893686, 'epochs': 90}"
DEEP_SVDD,metrics,0.4124,1.0,0.5839,0.4823,0.4038,0.4124,31186,75629,75629,2486.67,2,0.01,"{'hidden_dim': 64, 'n_layers': 2, 'latent_dim': 8, 'lr': 0.005399484409787433, 'dropout': 0.3005575058716044, 'pretrain_epochs': 50, 'finetune_epochs': 20}"
DAGMM,metrics,0.98,0.975,0.9775,0.997,0.9965,0.9815,31186,31028,75629,3021.69,2,0.99,"{'hidden_dim': 128, 'n_layers': 1, 'latent_dim': 16, 'n_gmm': 8, 'lr': 0.0016525238146992878, 'dropout': 0.21097566674743787, 'lambda_energy': 0.4873779959856692, 'lambda_cov_diag': 0.0053421751211427055, 'epochs': 80}"
DEEP_SVDD,metrics,0.9883,0.7583,0.8581,0.9229,0.9334,0.8971,30946,23744,75389,2675.69,3,0.91,"{'hidden_dim': 64, 'n_layers': 1, 'latent_dim': 32, 'lr': 0.009294397522098678, 'dropout': 0.2050856249786202, 'pretrain_epochs': 30, 'finetune_epochs': 40}"
DAGMM,metrics,0.776,0.8712,0.8208,0.8933,0.9008,0.8439,30946,34745,75389,2480.32,3,0.51,"{'hidden_dim': 128, 'n_layers': 1, 'latent_dim': 16, 'n_gmm': 8, 'lr': 0.0018237818113694686, 'dropout': 0.19108076332632054, 'lambda_energy': 0.428554398314919, 'lambda_cov_diag': 0.004688892654970252, 'epochs': 80}"
DEEP_SVDD,metrics,0.946,0.8563,0.8989,0.9121,0.9334,0.9209,30949,28013,75392,2693.08,4,0.55,"{'hidden_dim': 32, 'n_layers': 1, 'latent_dim': 16, 'lr': 0.009914334253524747, 'dropout': 0.07309565838714263, 'pretrain_epochs': 40, 'finetune_epochs': 30}"
DAGMM,metrics,0.9587,0.8035,0.8743,0.9392,0.9408,0.9052,30949,25939,75392,2529.77,4,0.95,"{'hidden_dim': 128, 'n_layers': 1, 'latent_dim': 8, 'n_gmm': 8, 'lr': 0.0035033984911586884, 'dropout': 0.0993578407670862, 'lambda_energy': 0.05063981628665742, 'lambda_cov_diag': 0.006538248584518042, 'epochs': 80}"
DEEP_SVDD,metrics,0.8273,0.8575,0.8421,0.8741,0.7916,0.868,30947,32076,75390,2498.11,5,0.71,"{'hidden_dim': 32, 'n_layers': 1, 'latent_dim': 16, 'lr': 0.00962640518875267, 'dropout': 0.13479367947233611, 'pretrain_epochs': 40, 'finetune_epochs': 30}"
DAGMM,metrics,0.9531,0.9242,0.9384,0.9848,0.9823,0.9502,30947,30007,75390,2683.65,5,0.92,"{'hidden_dim': 128, 'n_layers': 1, 'latent_dim': 16, 'n_gmm': 8, 'lr': 0.0016525238146992878, 'dropout': 0.21097566674743787, 'lambda_energy': 0.4873779959856692, 'lambda_cov_diag': 0.004775939838230008, 'epochs': 30}"
DEEP_SVDD,logs,0.4228,0.9603,0.5872,0.6532,0.6416,0.4682,4109,9332,10434,394.62,1,0.43,"{'hidden_dim': 64, 'n_layers': 1, 'latent_dim': 8, 'lr': 0.00018089224154177946, 'dropout': 0.09754142550339512, 'pretrain_epochs': 50, 'finetune_epochs': 60}"
DAGMM,logs,0.8616,0.8927,0.8769,0.9394,0.9244,0.9013,4109,4257,10434,284.78,1,0.74,"{'hidden_dim': 32, 'n_layers': 2, 'latent_dim': 16, 'n_gmm': 4, 'lr': 0.00042254036527027085, 'dropout': 0.4517544509454045, 'lambda_energy': 0.2743137962425775, 'lambda_cov_diag': 0.0023040606112866647, 'epochs': 90}"
DEEP_SVDD,logs,0.4445,0.9165,0.5986,0.6479,0.6665,0.5137,4142,8540,10467,365.22,2,0.41,"{'hidden_dim': 32, 'n_layers': 2, 'latent_dim': 32, 'lr': 0.001891758740973193, 'dropout': 0.02658364367136093, 'pretrain_epochs': 40, 'finetune_epochs': 30}"
DAGMM,logs,0.6972,0.86,0.7701,0.8847,0.8513,0.7968,4142,5109,10467,359.96,2,0.49,"{'hidden_dim': 128, 'n_layers': 2, 'latent_dim': 4, 'n_gmm': 4, 'lr': 0.002205934624635894, 'dropout': 0.19009136319305533, 'lambda_energy': 0.1264451862491321, 'lambda_cov_diag': 0.0022996663901164874, 'epochs': 50}"
DEEP_SVDD,logs,0.9622,0.5174,0.6729,0.7318,0.7631,0.8027,4082,2195,10407,428.32,3,0.94,"{'hidden_dim': 64, 'n_layers': 2, 'latent_dim': 8, 'lr': 0.0004187594718900631, 'dropout': 0.16259166101337352, 'pretrain_epochs': 50, 'finetune_epochs': 50}"
DAGMM,logs,0.8674,0.8141,0.8399,0.898,0.8804,0.8783,4082,3831,10407,354.64,3,0.49,"{'hidden_dim': 64, 'n_layers': 2, 'latent_dim': 16, 'n_gmm': 4, 'lr': 0.0006148921136676838, 'dropout': 0.4994465914832116, 'lambda_energy': 0.27124792851994145, 'lambda_cov_diag': 0.0018500180217126665, 'epochs': 40}"
DEEP_SVDD,logs,0.3922,1.0,0.5634,0.4321,0.4828,0.3922,4081,10406,10406,328.43,4,0.01,"{'hidden_dim': 64, 'n_layers': 1, 'latent_dim': 16, 'lr': 0.00010862348973937149, 'dropout': 0.023890594399117282, 'pretrain_epochs': 20, 'finetune_epochs': 60}"
DAGMM,logs,0.8146,0.8344,0.8244,0.9088,0.8725,0.8606,4081,4180,10406,293.35,4,0.73,"{'hidden_dim': 32, 'n_layers': 1, 'latent_dim': 8, 'n_gmm': 2, 'lr': 0.00023045254190652806, 'dropout': 0.17455198366464997, 'lambda_energy': 0.312601804902311, 'lambda_cov_diag': 0.004306621062821277, 'epochs': 40}"
DEEP_SVDD,logs,0.4214,0.9695,0.5874,0.5686,0.5441,0.4702,4028,9267,10353,386.91,5,0.43,"{'hidden_dim': 64, 'n_layers': 1, 'latent_dim': 16, 'lr': 0.0002560742873284924, 'dropout': 0.2268302678751436, 'pretrain_epochs': 20, 'finetune_epochs': 60}"
DAGMM,logs,0.6996,0.7962,0.7448,0.8157,0.7225,0.7877,4028,4584,10353,359.65,5,0.48,"{'hidden_dim': 128, 'n_layers': 1, 'latent_dim': 8, 'n_gmm': 2, 'lr': 0.005532496914298506, 'dropout': 0.40183603844955723, 'lambda_energy': 0.0768316328806251, 'lambda_cov_diag': 0.007808345085542414, 'epochs': 70}"
DEEP_SVDD,traces,0.7228,0.79,0.7549,0.8755,0.7975,0.8639,3053,3337,11508,440.33,1,0.63,"{'hidden_dim': 32, 'n_layers': 2, 'latent_dim': 32, 'lr': 0.00018624012766469444, 'dropout': 0.110056400229472, 'pretrain_epochs': 20, 'finetune_epochs': 30}"
DAGMM,traces,0.8253,0.7861,0.8052,0.9294,0.8872,0.8991,3053,2908,11508,373.46,1,0.85,"{'hidden_dim': 32, 'n_layers': 2, 'latent_dim': 8, 'n_gmm': 2, 'lr': 0.0069782812651260325, 'dropout': 0.04424625102595975, 'lambda_energy': 0.07851504189403356, 'lambda_cov_diag': 0.0011097554561103106, 'epochs': 50}"
DEEP_SVDD,traces,0.4181,0.8917,0.5693,0.8103,0.6889,0.6402,3074,6556,11529,428.24,2,0.48,"{'hidden_dim': 32, 'n_layers': 2, 'latent_dim': 32, 'lr': 0.00040135678891278564, 'dropout': 0.2080157334586989, 'pretrain_epochs': 40, 'finetune_epochs': 20}"
DAGMM,traces,0.9051,0.8627,0.8834,0.9581,0.9321,0.9393,3074,2930,11529,439.99,2,0.89,"{'hidden_dim': 32, 'n_layers': 2, 'latent_dim': 16, 'n_gmm': 8, 'lr': 0.0011633809830907697, 'dropout': 0.07861861925506515, 'lambda_energy': 0.1398040928092012, 'lambda_cov_diag': 0.001519872279165357, 'epochs': 90}"
DEEP_SVDD,traces,0.4773,0.9269,0.6301,0.8783,0.752,0.7134,3022,5869,11477,424.83,3,0.49,"{'hidden_dim': 64, 'n_layers': 1, 'latent_dim': 16, 'lr': 0.00010702056995617438, 'dropout': 0.01679294246723606, 'pretrain_epochs': 30, 'finetune_epochs': 50}"
DAGMM,traces,0.9085,0.6343,0.7471,0.7836,0.7719,0.8869,3022,2110,11477,425.67,3,0.95,"{'hidden_dim': 32, 'n_layers': 2, 'latent_dim': 8, 'n_gmm': 4, 'lr': 0.005310179335093163, 'dropout': 0.07245000957737811, 'lambda_energy': 0.21303541483764526, 'lambda_cov_diag': 0.002619112071795645, 'epochs': 30}"
DEEP_SVDD,traces,0.7449,0.8837,0.8084,0.9461,0.8668,0.8894,3034,3599,11489,445.66,4,0.51,"{'hidden_dim': 32, 'n_layers': 2, 'latent_dim': 32, 'lr': 0.0009718319944817398, 'dropout': 0.26136641469099703, 'pretrain_epochs': 40, 'finetune_epochs': 20}"
DAGMM,traces,0.6934,0.8342,0.7573,0.865,0.6665,0.8588,3034,3650,11489,536.78,4,0.63,"{'hidden_dim': 128, 'n_layers': 1, 'latent_dim': 8, 'n_gmm': 8, 'lr': 0.0037183641805732083, 'dropout': 0.09983689107917987, 'lambda_energy': 0.1633820882890881, 'lambda_cov_diag': 0.003912141628549694, 'epochs': 30}"
DEEP_SVDD,traces,0.9289,0.7993,0.8592,0.9072,0.8823,0.9307,3039,2615,11494,469.36,5,0.6,"{'hidden_dim': 32, 'n_layers': 2, 'latent_dim': 8, 'lr': 0.000339848446347671, 'dropout': 0.20855590418594105, 'pretrain_epochs': 40, 'finetune_epochs': 30}"
DAGMM,traces,0.8995,0.8898,0.8946,0.9512,0.9394,0.9446,3039,3006,11494,336.28,5,0.89,"{'hidden_dim': 32, 'n_layers': 2, 'latent_dim': 4, 'n_gmm': 4, 'lr': 0.00018155571490425186, 'dropout': 0.47595982982032625, 'lambda_energy': 0.05145923792348292, 'lambda_cov_diag': 0.00246631347134215, 'epochs': 40}"
