timestamp,anomaly_score
2026-03-01 00:00:00,0.410754
2026-03-01 00:05:00,0.296800
2026-03-01 00:10:00,0.328738
2026-03-01 00:15:00,0.264354
2026-03-01 00:20:00,0.304088
2026-03-01 00:25:00,0.265081
2026-03-01 00:30:00,0.357314
2026-03-01 00:35:00,0.302414
2026-03-01 00:40:00,0.294246
2026-03-01 00:45:00,0.330611
2026-03-01 00:50:00,0.276849
2026-03-01 00:55:00,0.352417
2026-03-01 01:00:00,0.326146
2026-03-01 01:05:00,0.328152
2026-03-01 01:10:00,0.242518
2026-03-01 01:15:00,0.307252
2026-03-01 01:20:00,0.430650
2026-03-01 01:25:00,0.310255
2026-03-01 01:30:00,0.345532
2026-03-01 01:35:00,0.520022
2026-03-01 01:40:00,0.454156
2026-03-01 01:45:00,0.272912
2026-03-01 01:50:00,0.272431
2026-03-01 01:55:00,0.095290
2026-03-01 02:00:00,0.438140
2026-03-01 02:05:00,0.336098
2026-03-01 02:10:00,0.336901
2026-03-01 02:15:00,0.439241
2026-03-01 02:20:00,0.289426
2026-03-01 02:25:00,0.237075
2026-03-01 02:30:00,0.271262
2026-03-01 02:35:00,0.280713
2026-03-01 02:40:00,0.234678
2026-03-01 02:45:00,0.384433
2026-03-01 02:50:00,0.273317
2026-03-01 02:55:00,0.332926
2026-03-01 03:00:00,0.352604
2026-03-01 03:05:00,0.299196
2026-03-01 03:10:00,0.240642
2026-03-01 03:15:00,0.390376
2026-03-01 03:20:00,0.437787
2026-03-01 03:25:00,0.409679
2026-03-01 03:30:00,0.290936
2026-03-01 03:35:00,0.376896
2026-03-01 03:40:00,0.411972
2026-03-01 03:45:00,0.324805
2026-03-01 03:50:00,0.546063
2026-03-01 03:55:00,0.508709
2026-03-01 04:00:00,0.274595
2026-03-01 04:05:00,0.401134
2026-03-01 04:10:00,0.348747
2026-03-01 04:15:00,0.383343
2026-03-01 04:20:00,0.323723
2026-03-01 04:25:00,0.399554
2026-03-01 04:30:00,0.455615
2026-03-01 04:35:00,0.409370
2026-03-01 04:40:00,0.322674
2026-03-01 04:45:00,0.389974
2026-03-01 04:50:00,0.273185
2026-03-01 04:55:00,0.299320
2026-03-01 05:00:00,0.214007
2026-03-01 05:05:00,0.340480
2026-03-01 05:10:00,0.391499
2026-03-01 05:15:00,0.328322
2026-03-01 05:20:00,0.333769
2026-03-01 05:25:00,0.318655
2026-03-01 05:30:00,0.345735
2026-03-01 05:35:00,0.380353
2026-03-01 05:40:00,0.329075
2026-03-01 05:45:00,0.463602
2026-03-01 05:50:00,0.520687
2026-03-01 05:55:00,0.303151
2026-03-01 06:00:00,0.293530
2026-03-01 06:05:00,0.483548
2026-03-01 06:10:00,0.419904
2026-03-01 06:15:00,0.402517
2026-03-01 06:20:00,0.234670
2026-03-01 06:25:00,0.397904
2026-03-01 06:30:00,0.286218
2026-03-01 06:35:00,0.331650
2026-03-01 06:40:00,0.427200
2026-03-01 06:45:00,0.348513
2026-03-01 06:50:00,0.268135
2026-03-01 06:55:00,0.409608
2026-03-01 07:00:00,0.311391
2026-03-01 07:05:00,0.326304
2026-03-01 07:10:00,0.429554
2026-03-01 07:15:00,0.406752
2026-03-01 07:20:00,0.372385
2026-03-01 07:25:00,0.289138
2026-03-01 07:30:00,0.363601
2026-03-01 07:35:00,0.403370
2026-03-01 07:40:00,0.300555
2026-03-01 07:45:00,0.369019
2026-03-01 07:50:00,0.273169
2026-03-01 07:55:00,0.441195
2026-03-01 08:00:00,0.318524
2026-03-01 08:05:00,0.323567
2026-03-01 08:10:00,0.403856
2026-03-01 08:15:00,0.360531
2026-03-01 08:20:00,0.361809
2026-03-01 08:25:00,0.216444
2026-03-01 08:30:00,0.365387
2026-03-01 08:35:00,0.329495
2026-03-01 08:40:00,0.411484
2026-03-01 08:45:00,0.407914
2026-03-01 08:50:00,0.366281
2026-03-01 08:55:00,0.420925
2026-03-01 09:00:00,0.274273
2026-03-01 09:05:00,0.196714
2026-03-01 09:10:00,0.456705
2026-03-01 09:15:00,0.242862
2026-03-01 09:20:00,0.393637
2026-03-01 09:25:00,0.263930
2026-03-01 09:30:00,0.403063
2026-03-01 09:35:00,0.392156
2026-03-01 09:40:00,0.294581
2026-03-01 09:45:00,0.316721
2026-03-01 09:50:00,0.362548
2026-03-01 09:55:00,0.249865
2026-03-01 10:00:00,0.331061
2026-03-01 10:05:00,0.325778
2026-03-01 10:10:00,0.404034
2026-03-01 10:15:00,0.337305
2026-03-01 10:20:00,0.347419
2026-03-01 10:25:00,0.297740
2026-03-01 10:30:00,0.340548
2026-03-01 10:35:00,0.318420
2026-03-01 10:40:00,0.350091
2026-03-01 10:45:00,0.409574
2026-03-01 10:50:00,0.287050
2026-03-01 10:55:00,0.365729
2026-03-01 11:00:00,0.261941
2026-03-01 11:05:00,0.236910
2026-03-01 11:10:00,0.349366
2026-03-01 11:15:00,0.366989
2026-03-01 11:20:00,0.322144
2026-03-01 11:25:00,0.433649
2026-03-01 11:30:00,0.186573
2026-03-01 11:35:00,0.238999
2026-03-01 11:40:00,0.279846
2026-03-01 11:45:00,0.225565
2026-03-01 11:50:00,0.278544
2026-03-01 11:55:00,0.267882
2026-03-01 12:00:00,0.297629
2026-03-01 12:05:00,0.144268
2026-03-01 12:10:00,0.267354
2026-03-01 12:15:00,0.401533
2026-03-01 12:20:00,0.255850
2026-03-01 12:25:00,0.306722
2026-03-01 12:30:00,0.299212
2026-03-01 12:35:00,0.314285
2026-03-01 12:40:00,0.384085
2026-03-01 12:45:00,0.314953
2026-03-01 12:50:00,0.342017
2026-03-01 12:55:00,0.276517
2026-03-01 13:00:00,0.445678
2026-03-01 13:05:00,0.303749
2026-03-01 13:10:00,0.218240
2026-03-01 13:15:00,0.361313
2026-03-01 13:20:00,0.276497
2026-03-01 13:25:00,0.194883
2026-03-01 13:30:00,0.371189
2026-03-01 13:35:00,0.384844
2026-03-01 13:40:00,0.261542
2026-03-01 13:45:00,0.326088
2026-03-01 13:50:00,0.329636
2026-03-01 13:55:00,0.213629
2026-03-01 14:00:00,0.258693
2026-03-01 14:05:00,0.374955
2026-03-01 14:10:00,0.248330
2026-03-01 14:15:00,0.305494
2026-03-01 14:20:00,0.340708
2026-03-01 14:25:00,0.193026
2026-03-01 14:30:00,0.249519
2026-03-01 14:35:00,0.358951
2026-03-01 14:40:00,0.306309
2026-03-01 14:45:00,0.302024
2026-03-01 14:50:00,0.280119
2026-03-01 14:55:00,0.233726
2026-03-01 15:00:00,0.323502
2026-03-01 15:05:00,0.145398
2026-03-01 15:10:00,0.280244
2026-03-01 15:15:00,0.364369
2026-03-01 15:20:00,0.327374
2026-03-01 15:25:00,0.266552
2026-03-01 15:30:00,0.238452
2026-03-01 15:35:00,0.251291
2026-03-01 15:40:00,0.151420
2026-03-01 15:45:00,0.412861
2026-03-01 15:50:00,0.351295
2026-03-01 15:55:00,0.273601
2026-03-01 16:00:00,0.304964
2026-03-01 16:05:00,0.224598
2026-03-01 16:10:00,0.165996
2026-03-01 16:15:00,0.254605
2026-03-01 16:20:00,0.286829
2026-03-01 16:25:00,0.259309
2026-03-01 16:30:00,0.254384
2026-03-01 16:35:00,0.285860
2026-03-01 16:40:00,0.322151
2026-03-01 16:45:00,0.269145
2026-03-01 16:50:00,0.326851
2026-03-01 16:55:00,0.180869
2026-03-01 17:00:00,0.173970
2026-03-01 17:05:00,0.493902
2026-03-01 17:10:00,0.295742
2026-03-01 17:15:00,0.272045
2026-03-01 17:20:00,0.305329
2026-03-01 17:25:00,0.215872
2026-03-01 17:30:00,0.233008
2026-03-01 17:35:00,0.248479
2026-03-01 17:40:00,0.300905
2026-03-01 17:45:00,0.290291
2026-03-01 17:50:00,0.189925
2026-03-01 17:55:00,0.129263
2026-03-01 18:00:00,0.294939
2026-03-01 18:05:00,0.283802
2026-03-01 18:10:00,0.210371
2026-03-01 18:15:00,0.403712
2026-03-01 18:20:00,0.227125
2026-03-01 18:25:00,0.168480
2026-03-01 18:30:00,0.247774
2026-03-01 18:35:00,0.221728
2026-03-01 18:40:00,0.281906
2026-03-01 18:45:00,0.323691
2026-03-01 18:50:00,0.155823
2026-03-01 18:55:00,0.272116
2026-03-01 19:00:00,0.411764
2026-03-01 19:05:00,0.102377
2026-03-01 19:10:00,0.316546
2026-03-01 19:15:00,0.284117
2026-03-01 19:20:00,0.234543
2026-03-01 19:25:00,0.289957
2026-03-01 19:30:00,0.269313
2026-03-01 19:35:00,0.249549
2026-03-01 19:40:00,0.128615
2026-03-01 19:45:00,0.396221
2026-03-01 19:50:00,0.318340
2026-03-01 19:55:00,0.336406
2026-03-01 20:00:00,0.060468
2026-03-01 20:05:00,0.310219
2026-03-01 20:10:00,0.234446
2026-03-01 20:15:00,0.130685
2026-03-01 20:20:00,0.186050
2026-03-01 20:25:00,0.229412
2026-03-01 20:30:00,0.226678
2026-03-01 20:35:00,0.344496
2026-03-01 20:40:00,0.215942
2026-03-01 20:45:00,0.238851
2026-03-01 20:50:00,0.224336
2026-03-01 20:55:00,0.226058
2026-03-01 21:00:00,0.233127
2026-03-01 21:05:00,0.347669
2026-03-01 21:10:00,0.247681
2026-03-01 21:15:00,0.175253
2026-03-01 21:20:00,0.246075
2026-03-01 21:25:00,0.205751
2026-03-01 21:30:00,0.298724
2026-03-01 21:35:00,0.212859
2026-03-01 21:40:00,0.325614
2026-03-01 21:45:00,0.257677
2026-03-01 21:50:00,0.169469
2026-03-01 21:55:00,0.143123
2026-03-01 22:00:00,0.271880
2026-03-01 22:05:00,0.233508
2026-03-01 22:10:00,0.225282
2026-03-01 22:15:00,0.311684
2026-03-01 22:20:00,0.238004
2026-03-01 22:25:00,0.279729
2026-03-01 22:30:00,0.339371
2026-03-01 22:35:00,0.268669
2026-03-01 22:40:00,0.283871
2026-03-01 22:45:00,0.214406
2026-03-01 22:50:00,0.174820
2026-03-01 22:55:00,0.231714
2026-03-01 23:00:00,0.257634
2026-03-01 23:05:00,0.221676
2026-03-01 23:10:00,0.173542
2026-03-01 23:15:00,0.193122
2026-03-01 23:20:00,0.381920
2026-03-01 23:25:00,0.267944
2026-03-01 23:30:00,0.421251
2026-03-01 23:35:00,0.298609
2026-03-01 23:40:00,0.354770
2026-03-01 23:45:00,0.345234
2026-03-01 23:50:00,0.312023
2026-03-01 23:55:00,0.236513
2026-03-02 00:00:00,0.463742
2026-03-02 00:05:00,0.397849
2026-03-02 00:10:00,0.297472
2026-03-02 00:15:00,0.253622
2026-03-02 00:20:00,0.351466
2026-03-02 00:25:00,0.157552
2026-03-02 00:30:00,0.339536
2026-03-02 00:35:00,0.259368
2026-03-02 00:40:00,0.281110
2026-03-02 00:45:00,0.265726
2026-03-02 00:50:00,0.334557
2026-03-02 00:55:00,0.325107
2026-03-02 01:00:00,0.332700
2026-03-02 01:05:00,0.282732
2026-03-02 01:10:00,0.377173
2026-03-02 01:15:00,0.311017
2026-03-02 01:20:00,0.405191
2026-03-02 01:25:00,0.386172
2026-03-02 01:30:00,0.287863
2026-03-02 01:35:00,0.333653
2026-03-02 01:40:00,0.418388
2026-03-02 01:45:00,0.369062
2026-03-02 01:50:00,0.322060
2026-03-02 01:55:00,0.303007
2026-03-02 02:00:00,0.488283
2026-03-02 02:05:00,0.416906
2026-03-02 02:10:00,0.336568
2026-03-02 02:15:00,0.414745
2026-03-02 02:20:00,0.289160
2026-03-02 02:25:00,0.338302
2026-03-02 02:30:00,0.489182
2026-03-02 02:35:00,0.358486
2026-03-02 02:40:00,0.459462
2026-03-02 02:45:00,0.446599
2026-03-02 02:50:00,0.392126
2026-03-02 02:55:00,0.261991
2026-03-02 03:00:00,0.236319
2026-03-02 03:05:00,0.333692
2026-03-02 03:10:00,0.390489
2026-03-02 03:15:00,0.399170
2026-03-02 03:20:00,0.322071
2026-03-02 03:25:00,0.312319
2026-03-02 03:30:00,0.445459
2026-03-02 03:35:00,0.068876
2026-03-02 03:40:00,0.394923
2026-03-02 03:45:00,0.297323
2026-03-02 03:50:00,0.350533
2026-03-02 03:55:00,0.274597
2026-03-02 04:00:00,0.380429
2026-03-02 04:05:00,0.439693
2026-03-02 04:10:00,0.392730
2026-03-02 04:15:00,0.425311
2026-03-02 04:20:00,0.406337
2026-03-02 04:25:00,0.273851
2026-03-02 04:30:00,0.267070
2026-03-02 04:35:00,0.355985
2026-03-02 04:40:00,0.242189
2026-03-02 04:45:00,0.263992
2026-03-02 04:50:00,0.360684
2026-03-02 04:55:00,0.405899
2026-03-02 05:00:00,0.374453
2026-03-02 05:05:00,0.322391
2026-03-02 05:10:00,0.413971
2026-03-02 05:15:00,0.413001
2026-03-02 05:20:00,0.383201
2026-03-02 05:25:00,0.363464
2026-03-02 05:30:00,0.344538
2026-03-02 05:35:00,0.321678
2026-03-02 05:40:00,0.343095
2026-03-02 05:45:00,0.316128
2026-03-02 05:50:00,0.306958
2026-03-02 05:55:00,0.420115
2026-03-02 06:00:00,0.389064
2026-03-02 06:05:00,0.363346
2026-03-02 06:10:00,0.351578
2026-03-02 06:15:00,0.419497
2026-03-02 06:20:00,0.294922
2026-03-02 06:25:00,0.299109
2026-03-02 06:30:00,0.295770
2026-03-02 06:35:00,0.286286
2026-03-02 06:40:00,0.269131
2026-03-02 06:45:00,0.234655
2026-03-02 06:50:00,0.369287
2026-03-02 06:55:00,0.400019
2026-03-02 07:00:00,0.274132
2026-03-02 07:05:00,0.307666
2026-03-02 07:10:00,0.346106
2026-03-02 07:15:00,0.450008
2026-03-02 07:20:00,0.298050
2026-03-02 07:25:00,0.297851
2026-03-02 07:30:00,0.434805
2026-03-02 07:35:00,0.352304
2026-03-02 07:40:00,0.184193
2026-03-02 07:45:00,0.406277
2026-03-02 07:50:00,0.285364
2026-03-02 07:55:00,0.427246
2026-03-02 08:00:00,0.351523
2026-03-02 08:05:00,0.372773
2026-03-02 08:10:00,0.461828
2026-03-02 08:15:00,0.409862
2026-03-02 08:20:00,0.206646
2026-03-02 08:25:00,0.382686
2026-03-02 08:30:00,0.439168
2026-03-02 08:35:00,0.337846
2026-03-02 08:40:00,0.383160
2026-03-02 08:45:00,0.365178
2026-03-02 08:50:00,0.408659
2026-03-02 08:55:00,0.304611
2026-03-02 09:00:00,0.327657
2026-03-02 09:05:00,0.209868
2026-03-02 09:10:00,0.201605
2026-03-02 09:15:00,0.347112
2026-03-02 09:20:00,0.406430
2026-03-02 09:25:00,0.389053
2026-03-02 09:30:00,0.386954
2026-03-02 09:35:00,0.260010
2026-03-02 09:40:00,0.340040
2026-03-02 09:45:00,0.362628
2026-03-02 09:50:00,0.194840
2026-03-02 09:55:00,0.402003
2026-03-02 10:00:00,0.391851
2026-03-02 10:05:00,0.397710
2026-03-02 10:10:00,0.356530
2026-03-02 10:15:00,0.285465
2026-03-02 10:20:00,0.241896
2026-03-02 10:25:00,0.382516
2026-03-02 10:30:00,0.208774
2026-03-02 10:35:00,0.453317
2026-03-02 10:40:00,0.220649
2026-03-02 10:45:00,0.444552
2026-03-02 10:50:00,0.387279
2026-03-02 10:55:00,0.333519
2026-03-02 11:00:00,0.303095
2026-03-02 11:05:00,0.274536
2026-03-02 11:10:00,0.349013
2026-03-02 11:15:00,0.215111
2026-03-02 11:20:00,0.330402
2026-03-02 11:25:00,0.238691
2026-03-02 11:30:00,0.375474
2026-03-02 11:35:00,0.459554
2026-03-02 11:40:00,0.422042
2026-03-02 11:45:00,0.290730
2026-03-02 11:50:00,0.181348
2026-03-02 11:55:00,0.325406
2026-03-02 12:00:00,0.261881
2026-03-02 12:05:00,0.337266
2026-03-02 12:10:00,0.373125
2026-03-02 12:15:00,0.211985
2026-03-02 12:20:00,0.110059
2026-03-02 12:25:00,0.263603
2026-03-02 12:30:00,0.190004
2026-03-02 12:35:00,0.242667
2026-03-02 12:40:00,0.372528
2026-03-02 12:45:00,0.302982
2026-03-02 12:50:00,0.338537
2026-03-02 12:55:00,0.268411
2026-03-02 13:00:00,0.334887
2026-03-02 13:05:00,0.264675
2026-03-02 13:10:00,0.244592
2026-03-02 13:15:00,0.387546
2026-03-02 13:20:00,0.398670
2026-03-02 13:25:00,0.275402
2026-03-02 13:30:00,0.367521
2026-03-02 13:35:00,0.389658
2026-03-02 13:40:00,0.297022
2026-03-02 13:45:00,0.343878
2026-03-02 13:50:00,0.224154
2026-03-02 13:55:00,0.384288
2026-03-02 14:00:00,0.211014
2026-03-02 14:05:00,0.312054
2026-03-02 14:10:00,0.266027
2026-03-02 14:15:00,0.215612
2026-03-02 14:20:00,0.329104
2026-03-02 14:25:00,0.349153
2026-03-02 14:30:00,0.296396
2026-03-02 14:35:00,0.201743
2026-03-02 14:40:00,0.265213
2026-03-02 14:45:00,0.243189
2026-03-02 14:50:00,0.293715
2026-03-02 14:55:00,0.172718
2026-03-02 15:00:00,0.388092
2026-03-02 15:05:00,0.256873
2026-03-02 15:10:00,0.214831
2026-03-02 15:15:00,0.209482
2026-03-02 15:20:00,0.309537
2026-03-02 15:25:00,0.181086
2026-03-02 15:30:00,0.353053
2026-03-02 15:35:00,0.241295
2026-03-02 15:40:00,0.359342
2026-03-02 15:45:00,0.117388
2026-03-02 15:50:00,0.293288
2026-03-02 15:55:00,0.168498
2026-03-02 16:00:00,0.218993
2026-03-02 16:05:00,0.265482
2026-03-02 16:10:00,0.277245
2026-03-02 16:15:00,0.271800
2026-03-02 16:20:00,0.230789
2026-03-02 16:25:00,0.292432
2026-03-02 16:30:00,0.292527
2026-03-02 16:35:00,0.273574
2026-03-02 16:40:00,0.290217
2026-03-02 16:45:00,0.370044
2026-03-02 16:50:00,0.172713
2026-03-02 16:55:00,0.189161
2026-03-02 17:00:00,0.264667
2026-03-02 17:05:00,0.270361
2026-03-02 17:10:00,0.224843
2026-03-02 17:15:00,0.302648
2026-03-02 17:20:00,0.155501
2026-03-02 17:25:00,0.312794
2026-03-02 17:30:00,0.265836
2026-03-02 17:35:00,0.154722
2026-03-02 17:40:00,0.180285
2026-03-02 17:45:00,0.268376
2026-03-02 17:50:00,0.228585
2026-03-02 17:55:00,0.101882
2026-03-02 18:00:00,0.259687
2026-03-02 18:05:00,0.298012
2026-03-02 18:10:00,0.102314
2026-03-02 18:15:00,0.314823
2026-03-02 18:20:00,0.189018
2026-03-02 18:25:00,0.124362
2026-03-02 18:30:00,0.407481
2026-03-02 18:35:00,0.289142
2026-03-02 18:40:00,0.299752
2026-03-02 18:45:00,0.217750
2026-03-02 18:50:00,0.190608
2026-03-02 18:55:00,0.288540
2026-03-02 19:00:00,0.233737
2026-03-02 19:05:00,0.153772
2026-03-02 19:10:00,0.211644
2026-03-02 19:15:00,0.343981
2026-03-02 19:20:00,0.159447
2026-03-02 19:25:00,0.240713
2026-03-02 19:30:00,0.232669
2026-03-02 19:35:00,0.257584
2026-03-02 19:40:00,0.338122
2026-03-02 19:45:00,0.172043
2026-03-02 19:50:00,0.255426
2026-03-02 19:55:00,0.276537
2026-03-02 20:00:00,0.190879
2026-03-02 20:05:00,0.279678
2026-03-02 20:10:00,0.347873
2026-03-02 20:15:00,0.303196
2026-03-02 20:20:00,0.244169
2026-03-02 20:25:00,0.247029
2026-03-02 20:30:00,0.234572
2026-03-02 20:35:00,0.321256
2026-03-02 20:40:00,0.324879
2026-03-02 20:45:00,0.231566
2026-03-02 20:50:00,0.237320
2026-03-02 20:55:00,0.247312
2026-03-02 21:00:00,0.359129
2026-03-02 21:05:00,0.268511
2026-03-02 21:10:00,0.229849
2026-03-02 21:15:00,0.283589
2026-03-02 21:20:00,0.145716
2026-03-02 21:25:00,0.248302
2026-03-02 21:30:00,0.270102
2026-03-02 21:35:00,0.183866
2026-03-02 21:40:00,0.157663
2026-03-02 21:45:00,0.283865
2026-03-02 21:50:00,0.236368
2026-03-02 21:55:00,0.140123
2026-03-02 22:00:00,0.245681
2026-03-02 22:05:00,0.122154
2026-03-02 22:10:00,0.297302
2026-03-02 22:15:00,0.330895
2026-03-02 22:20:00,0.261410
2026-03-02 22:25:00,0.341333
2026-03-02 22:30:00,0.382384
2026-03-02 22:35:00,0.297021
2026-03-02 22:40:00,0.232969
2026-03-02 22:45:00,0.212754
2026-03-02 22:50:00,0.309194
2026-03-02 22:55:00,0.246195
2026-03-02 23:00:00,0.398318
2026-03-02 23:05:00,0.387674
2026-03-02 23:10:00,0.226619
2026-03-02 23:15:00,0.363429
2026-03-02 23:20:00,0.312975
2026-03-02 23:25:00,0.341893
2026-03-02 23:30:00,0.215549
2026-03-02 23:35:00,0.171038
2026-03-02 23:40:00,0.340608
2026-03-02 23:45:00,0.288511
2026-03-02 23:50:00,0.378317
2026-03-02 23:55:00,0.303955
2026-03-03 00:00:00,0.269006
2026-03-03 00:05:00,0.293426
2026-03-03 00:10:00,0.246355
2026-03-03 00:15:00,0.408122
2026-03-03 00:20:00,0.350045
2026-03-03 00:25:00,0.275476
2026-03-03 00:30:00,0.280366
2026-03-03 00:35:00,0.267201
2026-03-03 00:40:00,0.271411
2026-03-03 00:45:00,0.258575
2026-03-03 00:50:00,0.338409
2026-03-03 00:55:00,0.253452
2026-03-03 01:00:00,0.179941
2026-03-03 01:05:00,0.385612
2026-03-03 01:10:00,0.347445
2026-03-03 01:15:00,0.328012
2026-03-03 01:20:00,0.331910
2026-03-03 01:25:00,0.391386
2026-03-03 01:30:00,0.289481
2026-03-03 01:35:00,0.322051
2026-03-03 01:40:00,0.347080
2026-03-03 01:45:00,0.236125
2026-03-03 01:50:00,0.394367
2026-03-03 01:55:00,0.180948
2026-03-03 02:00:00,0.337831
2026-03-03 02:05:00,0.303875
2026-03-03 02:10:00,0.393647
2026-03-03 02:15:00,0.274906
2026-03-03 02:20:00,0.338449
2026-03-03 02:25:00,0.252963
2026-03-03 02:30:00,0.374107
2026-03-03 02:35:00,0.203646
2026-03-03 02:40:00,0.365464
2026-03-03 02:45:00,0.326750
2026-03-03 02:50:00,0.431048
2026-03-03 02:55:00,0.366372
2026-03-03 03:00:00,0.260817
2026-03-03 03:05:00,0.373107
2026-03-03 03:10:00,0.281620
2026-03-03 03:15:00,0.398038
2026-03-03 03:20:00,0.452580
2026-03-03 03:25:00,0.316058
2026-03-03 03:30:00,0.433117
2026-03-03 03:35:00,0.376504
2026-03-03 03:40:00,0.479745
2026-03-03 03:45:00,0.217189
2026-03-03 03:50:00,0.332560
2026-03-03 03:55:00,0.416076
2026-03-03 04:00:00,0.341981
2026-03-03 04:05:00,0.465233
2026-03-03 04:10:00,0.306836
2026-03-03 04:15:00,0.375465
2026-03-03 04:20:00,0.348261
2026-03-03 04:25:00,0.375087
2026-03-03 04:30:00,0.288228
2026-03-03 04:35:00,0.242159
2026-03-03 04:40:00,0.334009
2026-03-03 04:45:00,0.334159
2026-03-03 04:50:00,0.428067
2026-03-03 04:55:00,0.351271
2026-03-03 05:00:00,0.373548
2026-03-03 05:05:00,0.427216
2026-03-03 05:10:00,0.285844
2026-03-03 05:15:00,0.397963
2026-03-03 05:20:00,0.294373
2026-03-03 05:25:00,0.340369
2026-03-03 05:30:00,0.232805
2026-03-03 05:35:00,0.487281
2026-03-03 05:40:00,0.215500
2026-03-03 05:45:00,0.296333
2026-03-03 05:50:00,0.410211
2026-03-03 05:55:00,0.417372
2026-03-03 06:00:00,0.402156
2026-03-03 06:05:00,0.383801
2026-03-03 06:10:00,0.430449
2026-03-03 06:15:00,0.292038
2026-03-03 06:20:00,0.409622
2026-03-03 06:25:00,0.402279
2026-03-03 06:30:00,0.416112
2026-03-03 06:35:00,0.304301
2026-03-03 06:40:00,0.235882
2026-03-03 06:45:00,0.378959
2026-03-03 06:50:00,0.377547
2026-03-03 06:55:00,0.344028
2026-03-03 07:00:00,0.316867
2026-03-03 07:05:00,0.368185
2026-03-03 07:10:00,0.372387
2026-03-03 07:15:00,0.345793
2026-03-03 07:20:00,0.306717
2026-03-03 07:25:00,0.270530
2026-03-03 07:30:00,0.376252
2026-03-03 07:35:00,0.242633
2026-03-03 07:40:00,0.392074
2026-03-03 07:45:00,0.373036
2026-03-03 07:50:00,0.200468
2026-03-03 07:55:00,0.329651
2026-03-03 08:00:00,0.331094
2026-03-03 08:05:00,0.367378
2026-03-03 08:10:00,0.214936
2026-03-03 08:15:00,0.262950
2026-03-03 08:20:00,0.361915
2026-03-03 08:25:00,0.431493
2026-03-03 08:30:00,0.418553
2026-03-03 08:35:00,0.426169
2026-03-03 08:40:00,0.370671
2026-03-03 08:45:00,0.499099
2026-03-03 08:50:00,0.413285
2026-03-03 08:55:00,0.369390
2026-03-03 09:00:00,0.337972
2026-03-03 09:05:00,0.315898
2026-03-03 09:10:00,0.423928
2026-03-03 09:15:00,0.293500
2026-03-03 09:20:00,0.289841
2026-03-03 09:25:00,0.387711
2026-03-03 09:30:00,0.283418
2026-03-03 09:35:00,0.246609
2026-03-03 09:40:00,0.421045
2026-03-03 09:45:00,0.272136
2026-03-03 09:50:00,0.239754
2026-03-03 09:55:00,0.174787
2026-03-03 10:00:00,0.303817
2026-03-03 10:05:00,0.339848
2026-03-03 10:10:00,0.310019
2026-03-03 10:15:00,0.475370
2026-03-03 10:20:00,0.265834
2026-03-03 10:25:00,0.359814
2026-03-03 10:30:00,0.332068
2026-03-03 10:35:00,0.347951
2026-03-03 10:40:00,0.408261
2026-03-03 10:45:00,0.181847
2026-03-03 10:50:00,0.211877
2026-03-03 10:55:00,0.401056
2026-03-03 11:00:00,0.293410
2026-03-03 11:05:00,0.094679
2026-03-03 11:10:00,0.221060
2026-03-03 11:15:00,0.296434
2026-03-03 11:20:00,0.323589
2026-03-03 11:25:00,0.255276
2026-03-03 11:30:00,0.429799
2026-03-03 11:35:00,0.305843
2026-03-03 11:40:00,0.330090
2026-03-03 11:45:00,0.417804
2026-03-03 11:50:00,0.391293
2026-03-03 11:55:00,0.394162
2026-03-03 12:00:00,0.261536
2026-03-03 12:05:00,0.273729
2026-03-03 12:10:00,0.280487
2026-03-03 12:15:00,0.308711
2026-03-03 12:20:00,0.183793
2026-03-03 12:25:00,0.081105
2026-03-03 12:30:00,0.246221
2026-03-03 12:35:00,0.216661
2026-03-03 12:40:00,0.257534
2026-03-03 12:45:00,0.251051
2026-03-03 12:50:00,0.305777
2026-03-03 12:55:00,0.270057
2026-03-03 13:00:00,0.240154
2026-03-03 13:05:00,0.343157
2026-03-03 13:10:00,0.364640
2026-03-03 13:15:00,0.084397
2026-03-03 13:20:00,0.203486
2026-03-03 13:25:00,0.320539
2026-03-03 13:30:00,0.149266
2026-03-03 13:35:00,0.253537
2026-03-03 13:40:00,0.237660
2026-03-03 13:45:00,0.290370
2026-03-03 13:50:00,0.280560
2026-03-03 13:55:00,0.416788
2026-03-03 14:00:00,0.248848
2026-03-03 14:05:00,0.364072
2026-03-03 14:10:00,0.323962
2026-03-03 14:15:00,0.260728
2026-03-03 14:20:00,0.377156
2026-03-03 14:25:00,0.396913
2026-03-03 14:30:00,0.351711
2026-03-03 14:35:00,0.233217
2026-03-03 14:40:00,0.214580
2026-03-03 14:45:00,0.317481
2026-03-03 14:50:00,0.172139
2026-03-03 14:55:00,0.336129
2026-03-03 15:00:00,0.288531
2026-03-03 15:05:00,0.208060
2026-03-03 15:10:00,0.230472
2026-03-03 15:15:00,0.144761
2026-03-03 15:20:00,0.379038
2026-03-03 15:25:00,0.307761
2026-03-03 15:30:00,0.310750
2026-03-03 15:35:00,0.256286
2026-03-03 15:40:00,0.074658
2026-03-03 15:45:00,0.273471
2026-03-03 15:50:00,0.288808
2026-03-03 15:55:00,0.057731
2026-03-03 16:00:00,0.475897
2026-03-03 16:05:00,0.386668
2026-03-03 16:10:00,0.349275
2026-03-03 16:15:00,0.291832
2026-03-03 16:20:00,0.159301
2026-03-03 16:25:00,0.250878
2026-03-03 16:30:00,0.371984
2026-03-03 16:35:00,0.316084
2026-03-03 16:40:00,0.240274
2026-03-03 16:45:00,0.108895
2026-03-03 16:50:00,0.197677
2026-03-03 16:55:00,0.246285
2026-03-03 17:00:00,0.225587
2026-03-03 17:05:00,0.188337
2026-03-03 17:10:00,0.226947
2026-03-03 17:15:00,0.316039
2026-03-03 17:20:00,0.290272
2026-03-03 17:25:00,0.248305
2026-03-03 17:30:00,0.267244
2026-03-03 17:35:00,0.291947
2026-03-03 17:40:00,0.285406
2026-03-03 17:45:00,0.433215
2026-03-03 17:50:00,0.338408
2026-03-03 17:55:00,0.212536
2026-03-03 18:00:00,0.256673
2026-03-03 18:05:00,0.182146
2026-03-03 18:10:00,0.220179
2026-03-03 18:15:00,0.214179
2026-03-03 18:20:00,0.336622
2026-03-03 18:25:00,0.280771
2026-03-03 18:30:00,0.222277
2026-03-03 18:35:00,0.247642
2026-03-03 18:40:00,0.158246
2026-03-03 18:45:00,0.290058
2026-03-03 18:50:00,0.271258
2026-03-03 18:55:00,0.179067
2026-03-03 19:00:00,0.178583
2026-03-03 19:05:00,0.243817
2026-03-03 19:10:00,0.229543
2026-03-03 19:15:00,0.201564
2026-03-03 19:20:00,0.358179
2026-03-03 19:25:00,0.170226
2026-03-03 19:30:00,0.251250
2026-03-03 19:35:00,0.340320
2026-03-03 19:40:00,0.288189
2026-03-03 19:45:00,0.250476
2026-03-03 19:50:00,0.176244
2026-03-03 19:55:00,0.237459
2026-03-03 20:00:00,0.252199
2026-03-03 20:05:00,0.271873
2026-03-03 20:10:00,0.197431
2026-03-03 20:15:00,0.357760
2026-03-03 20:20:00,0.350651
2026-03-03 20:25:00,0.438805
2026-03-03 20:30:00,0.294316
2026-03-03 20:35:00,0.299073
2026-03-03 20:40:00,0.250541
2026-03-03 20:45:00,0.142986
2026-03-03 20:50:00,0.154308
2026-03-03 20:55:00,0.280126
2026-03-03 21:00:00,0.170947
2026-03-03 21:05:00,0.219965
2026-03-03 21:10:00,0.229638
2026-03-03 21:15:00,0.288656
2026-03-03 21:20:00,0.324296
2026-03-03 21:25:00,0.372654
2026-03-03 21:30:00,0.327471
2026-03-03 21:35:00,0.378085
2026-03-03 21:40:00,0.256810
2026-03-03 21:45:00,0.193158
2026-03-03 21:50:00,0.276429
2026-03-03 21:55:00,0.135197
2026-03-03 22:00:00,0.290561
2026-03-03 22:05:00,0.131578
2026-03-03 22:10:00,0.263554
2026-03-03 22:15:00,0.382346
2026-03-03 22:20:00,0.198565
2026-03-03 22:25:00,0.227042
2026-03-03 22:30:00,0.170671
2026-03-03 22:35:00,0.172671
2026-03-03 22:40:00,0.194454
2026-03-03 22:45:00,0.250340
2026-03-03 22:50:00,0.403849
2026-03-03 22:55:00,0.387981
2026-03-03 23:00:00,0.425531
2026-03-03 23:05:00,0.341862
2026-03-03 23:10:00,0.350201
2026-03-03 23:15:00,0.336011
2026-03-03 23:20:00,0.316598
2026-03-03 23:25:00,0.283052
2026-03-03 23:30:00,0.194727
2026-03-03 23:35:00,0.268171
2026-03-03 23:40:00,0.329883
2026-03-03 23:45:00,0.343557
2026-03-03 23:50:00,0.186282
2026-03-03 23:55:00,0.246547
2026-03-04 00:00:00,0.317238
2026-03-04 00:05:00,0.364703
2026-03-04 00:10:00,0.202219
2026-03-04 00:15:00,0.249933
2026-03-04 00:20:00,0.262829
2026-03-04 00:25:00,0.391636
2026-03-04 00:30:00,0.313219
2026-03-04 00:35:00,0.249364
2026-03-04 00:40:00,0.390023
2026-03-04 00:45:00,0.389392
2026-03-04 00:50:00,0.257965
2026-03-04 00:55:00,0.245488
2026-03-04 01:00:00,0.345750
2026-03-04 01:05:00,0.311505
2026-03-04 01:10:00,0.415047
2026-03-04 01:15:00,0.349792
2026-03-04 01:20:00,0.453080
2026-03-04 01:25:00,0.489184
2026-03-04 01:30:00,0.293143
2026-03-04 01:35:00,0.364262
2026-03-04 01:40:00,0.328844
2026-03-04 01:45:00,0.288691
2026-03-04 01:50:00,0.239445
2026-03-04 01:55:00,0.337786
2026-03-04 02:00:00,0.264946
2026-03-04 02:05:00,0.380531
2026-03-04 02:10:00,0.341462
2026-03-04 02:15:00,0.331324
2026-03-04 02:20:00,0.406816
2026-03-04 02:25:00,0.272022
2026-03-04 02:30:00,0.308244
2026-03-04 02:35:00,0.355454
2026-03-04 02:40:00,0.272654
2026-03-04 02:45:00,0.363592
2026-03-04 02:50:00,0.245410
2026-03-04 02:55:00,0.267648
2026-03-04 03:00:00,0.390541
2026-03-04 03:05:00,0.301523
2026-03-04 03:10:00,0.459841
2026-03-04 03:15:00,0.410758
2026-03-04 03:20:00,0.462759
2026-03-04 03:25:00,0.327966
2026-03-04 03:30:00,0.182825
2026-03-04 03:35:00,0.360884
2026-03-04 03:40:00,0.258497
2026-03-04 03:45:00,0.398706
2026-03-04 03:50:00,0.407419
2026-03-04 03:55:00,0.475248
2026-03-04 04:00:00,0.311719
2026-03-04 04:05:00,0.341997
2026-03-04 04:10:00,0.426094
2026-03-04 04:15:00,0.476246
2026-03-04 04:20:00,0.333355
2026-03-04 04:25:00,0.366460
2026-03-04 04:30:00,0.321699
2026-03-04 04:35:00,0.291404
2026-03-04 04:40:00,0.285070
2026-03-04 04:45:00,0.432034
2026-03-04 04:50:00,0.294726
2026-03-04 04:55:00,0.339399
2026-03-04 05:00:00,0.397790
2026-03-04 05:05:00,0.354104
2026-03-04 05:10:00,0.287289
2026-03-04 05:15:00,0.329293
2026-03-04 05:20:00,0.360827
2026-03-04 05:25:00,0.322910
2026-03-04 05:30:00,0.369367
2026-03-04 05:35:00,0.431680
2026-03-04 05:40:00,0.346340
2026-03-04 05:45:00,0.290912
2026-03-04 05:50:00,0.392176
2026-03-04 05:55:00,0.420116
2026-03-04 06:00:00,0.363696
2026-03-04 06:05:00,0.299113
2026-03-04 06:10:00,0.254621
2026-03-04 06:15:00,0.415095
2026-03-04 06:20:00,0.380820
2026-03-04 06:25:00,0.325425
2026-03-04 06:30:00,0.302160
2026-03-04 06:35:00,0.408931
2026-03-04 06:40:00,0.401017
2026-03-04 06:45:00,0.333909
2026-03-04 06:50:00,0.204687
2026-03-04 06:55:00,0.324520
2026-03-04 07:00:00,0.408087
2026-03-04 07:05:00,0.391441
2026-03-04 07:10:00,0.406829
2026-03-04 07:15:00,0.343048
2026-03-04 07:20:00,0.368371
2026-03-04 07:25:00,0.250686
2026-03-04 07:30:00,0.277156
2026-03-04 07:35:00,0.413834
2026-03-04 07:40:00,0.361363
2026-03-04 07:45:00,0.315587
2026-03-04 07:50:00,0.253310
2026-03-04 07:55:00,0.155876
2026-03-04 08:00:00,0.416735
2026-03-04 08:05:00,0.305872
2026-03-04 08:10:00,0.521947
2026-03-04 08:15:00,0.302105
2026-03-04 08:20:00,0.278623
2026-03-04 08:25:00,0.337338
2026-03-04 08:30:00,0.439451
2026-03-04 08:35:00,0.256541
2026-03-04 08:40:00,0.430012
2026-03-04 08:45:00,0.314773
2026-03-04 08:50:00,0.344183
2026-03-04 08:55:00,0.401311
2026-03-04 09:00:00,0.443586
2026-03-04 09:05:00,0.332543
2026-03-04 09:10:00,0.326371
2026-03-04 09:15:00,0.511534
2026-03-04 09:20:00,0.345556
2026-03-04 09:25:00,0.397630
2026-03-04 09:30:00,0.323745
2026-03-04 09:35:00,0.357527
2026-03-04 09:40:00,0.214812
2026-03-04 09:45:00,0.417265
2026-03-04 09:50:00,0.293856
2026-03-04 09:55:00,0.285709
2026-03-04 10:00:00,0.279783
2026-03-04 10:05:00,0.276308
2026-03-04 10:10:00,0.386110
2026-03-04 10:15:00,0.292872
2026-03-04 10:20:00,0.358574
2026-03-04 10:25:00,0.267567
2026-03-04 10:30:00,0.301206
2026-03-04 10:35:00,0.439407
2026-03-04 10:40:00,0.288493
2026-03-04 10:45:00,0.274167
2026-03-04 10:50:00,0.240854
2026-03-04 10:55:00,0.396878
2026-03-04 11:00:00,0.320391
2026-03-04 11:05:00,0.144206
2026-03-04 11:10:00,0.245197
2026-03-04 11:15:00,0.240440
2026-03-04 11:20:00,0.463029
2026-03-04 11:25:00,0.424971
2026-03-04 11:30:00,0.293181
2026-03-04 11:35:00,0.340213
2026-03-04 11:40:00,0.277298
2026-03-04 11:45:00,0.300538
2026-03-04 11:50:00,0.258102
2026-03-04 11:55:00,0.250136
2026-03-04 12:00:00,0.341369
2026-03-04 12:05:00,0.359531
2026-03-04 12:10:00,0.400558
2026-03-04 12:15:00,0.195432
2026-03-04 12:20:00,0.324644
2026-03-04 12:25:00,0.180410
2026-03-04 12:30:00,0.145018
2026-03-04 12:35:00,0.337376
2026-03-04 12:40:00,0.342007
2026-03-04 12:45:00,0.308408
2026-03-04 12:50:00,0.274225
2026-03-04 12:55:00,0.190873
2026-03-04 13:00:00,0.238829
2026-03-04 13:05:00,0.326538
2026-03-04 13:10:00,0.311366
2026-03-04 13:15:00,0.264567
2026-03-04 13:20:00,0.370051
2026-03-04 13:25:00,0.335840
2026-03-04 13:30:00,0.343720
2026-03-04 13:35:00,0.293794
2026-03-04 13:40:00,0.212308
2026-03-04 13:45:00,0.315035
2026-03-04 13:50:00,0.208136
2026-03-04 13:55:00,0.166797
2026-03-04 14:00:00,0.324653
2026-03-04 14:05:00,0.316834
2026-03-04 14:10:00,0.383655
2026-03-04 14:15:00,0.171358
2026-03-04 14:20:00,0.233349
2026-03-04 14:25:00,0.239456
2026-03-04 14:30:00,0.261765
2026-03-04 14:35:00,0.350793
2026-03-04 14:40:00,0.225230
2026-03-04 14:45:00,0.243305
2026-03-04 14:50:00,0.174765
2026-03-04 14:55:00,0.244472
2026-03-04 15:00:00,0.391994
2026-03-04 15:05:00,0.342730
2026-03-04 15:10:00,0.346289
2026-03-04 15:15:00,0.322957
2026-03-04 15:20:00,0.177152
2026-03-04 15:25:00,0.264921
2026-03-04 15:30:00,0.372061
2026-03-04 15:35:00,0.170978
2026-03-04 15:40:00,0.327734
2026-03-04 15:45:00,0.252359
2026-03-04 15:50:00,0.328295
2026-03-04 15:55:00,0.244564
2026-03-04 16:00:00,0.255002
2026-03-04 16:05:00,0.381191
2026-03-04 16:10:00,0.281899
2026-03-04 16:15:00,0.248223
2026-03-04 16:20:00,0.311972
2026-03-04 16:25:00,0.238511
2026-03-04 16:30:00,0.140366
2026-03-04 16:35:00,0.257874
2026-03-04 16:40:00,0.251823
2026-03-04 16:45:00,0.318535
2026-03-04 16:50:00,0.213448
2026-03-04 16:55:00,0.186340
2026-03-04 17:00:00,0.306550
2026-03-04 17:05:00,0.427271
2026-03-04 17:10:00,0.209965
2026-03-04 17:15:00,0.243992
2026-03-04 17:20:00,0.131344
2026-03-04 17:25:00,0.222012
2026-03-04 17:30:00,0.214145
2026-03-04 17:35:00,0.287230
2026-03-04 17:40:00,0.110813
2026-03-04 17:45:00,0.121029
2026-03-04 17:50:00,0.230730
2026-03-04 17:55:00,0.168251
2026-03-04 18:00:00,0.215480
2026-03-04 18:05:00,0.310692
2026-03-04 18:10:00,0.218684
2026-03-04 18:15:00,0.275615
2026-03-04 18:20:00,0.281954
2026-03-04 18:25:00,0.228840
2026-03-04 18:30:00,0.175324
2026-03-04 18:35:00,0.274569
2026-03-04 18:40:00,0.236265
2026-03-04 18:45:00,0.171032
2026-03-04 18:50:00,0.229622
2026-03-04 18:55:00,0.160298
2026-03-04 19:00:00,0.181757
2026-03-04 19:05:00,0.198989
2026-03-04 19:10:00,0.227376
2026-03-04 19:15:00,0.163505
2026-03-04 19:20:00,0.234867
2026-03-04 19:25:00,0.158160
2026-03-04 19:30:00,0.286963
2026-03-04 19:35:00,0.327572
2026-03-04 19:40:00,0.258723
2026-03-04 19:45:00,0.279478
2026-03-04 19:50:00,0.267325
2026-03-04 19:55:00,0.346333
2026-03-04 20:00:00,0.251718
2026-03-04 20:05:00,0.339565
2026-03-04 20:10:00,0.129825
2026-03-04 20:15:00,0.348551
2026-03-04 20:20:00,0.165665
2026-03-04 20:25:00,0.232292
2026-03-04 20:30:00,0.274817
2026-03-04 20:35:00,0.404548
2026-03-04 20:40:00,0.167293
2026-03-04 20:45:00,0.334915
2026-03-04 20:50:00,0.200142
2026-03-04 20:55:00,0.284658
2026-03-04 21:00:00,0.253742
2026-03-04 21:05:00,0.106469
2026-03-04 21:10:00,0.121181
2026-03-04 21:15:00,0.214333
2026-03-04 21:20:00,0.298465
2026-03-04 21:25:00,0.392599
2026-03-04 21:30:00,0.225994
2026-03-04 21:35:00,0.293377
2026-03-04 21:40:00,0.345166
2026-03-04 21:45:00,0.280239
2026-03-04 21:50:00,0.201304
2026-03-04 21:55:00,0.342447
2026-03-04 22:00:00,0.175942
2026-03-04 22:05:00,0.304590
2026-03-04 22:10:00,0.211547
2026-03-04 22:15:00,0.161190
2026-03-04 22:20:00,0.195867
2026-03-04 22:25:00,0.313512
2026-03-04 22:30:00,0.366791
2026-03-04 22:35:00,0.288507
2026-03-04 22:40:00,0.296865
2026-03-04 22:45:00,0.263523
2026-03-04 22:50:00,0.215591
2026-03-04 22:55:00,0.285720
2026-03-04 23:00:00,0.375022
2026-03-04 23:05:00,0.376926
2026-03-04 23:10:00,0.224510
2026-03-04 23:15:00,0.285040
2026-03-04 23:20:00,0.345079
2026-03-04 23:25:00,0.284036
2026-03-04 23:30:00,0.314573
2026-03-04 23:35:00,0.283498
2026-03-04 23:40:00,0.201409
2026-03-04 23:45:00,0.246643
2026-03-04 23:50:00,0.207184
2026-03-04 23:55:00,0.251876
2026-03-05 00:00:00,0.229592
2026-03-05 00:05:00,0.361947
2026-03-05 00:10:00,0.286806
2026-03-05 00:15:00,0.347452
2026-03-05 00:20:00,0.279426
2026-03-05 00:25:00,0.253929
2026-03-05 00:30:00,0.318195
2026-03-05 00:35:00,0.266182
2026-03-05 00:40:00,0.384749
2026-03-05 00:45:00,0.423836
2026-03-05 00:50:00,0.289009
2026-03-05 00:55:00,0.468136
2026-03-05 01:00:00,0.367977
2026-03-05 01:05:00,0.296146
2026-03-05 01:10:00,0.285659
2026-03-05 01:15:00,0.441748
2026-03-05 01:20:00,0.419588
2026-03-05 01:25:00,0.341409
2026-03-05 01:30:00,0.304779
2026-03-05 01:35:00,0.286709
2026-03-05 01:40:00,0.435560
2026-03-05 01:45:00,0.368687
2026-03-05 01:50:00,0.371171
2026-03-05 01:55:00,0.187303
2026-03-05 02:00:00,0.442167
2026-03-05 02:05:00,0.239353
2026-03-05 02:10:00,0.394457
2026-03-05 02:15:00,0.281543
2026-03-05 02:20:00,0.341098
2026-03-05 02:25:00,0.426520
2026-03-05 02:30:00,0.329511
2026-03-05 02:35:00,0.396079
2026-03-05 02:40:00,0.368078
2026-03-05 02:45:00,0.287137
2026-03-05 02:50:00,0.427344
2026-03-05 02:55:00,0.226277
2026-03-05 03:00:00,0.374039
2026-03-05 03:05:00,0.387399
2026-03-05 03:10:00,0.387153
2026-03-05 03:15:00,0.349542
2026-03-05 03:20:00,0.282296
2026-03-05 03:25:00,0.258184
2026-03-05 03:30:00,0.202027
2026-03-05 03:35:00,0.371634
2026-03-05 03:40:00,0.330542
2026-03-05 03:45:00,0.391206
2026-03-05 03:50:00,0.328649
2026-03-05 03:55:00,0.384692
2026-03-05 04:00:00,0.354892
2026-03-05 04:05:00,0.297956
2026-03-05 04:10:00,0.303011
2026-03-05 04:15:00,0.408215
2026-03-05 04:20:00,0.344576
2026-03-05 04:25:00,0.466327
2026-03-05 04:30:00,0.351770
2026-03-05 04:35:00,0.241250
2026-03-05 04:40:00,0.266269
2026-03-05 04:45:00,0.242772
2026-03-05 04:50:00,0.329694
2026-03-05 04:55:00,0.475449
2026-03-05 05:00:00,0.186430
2026-03-05 05:05:00,0.258622
2026-03-05 05:10:00,0.445728
2026-03-05 05:15:00,0.378687
2026-03-05 05:20:00,0.319438
2026-03-05 05:25:00,0.167059
2026-03-05 05:30:00,0.498203
2026-03-05 05:35:00,0.288594
2026-03-05 05:40:00,0.413853
2026-03-05 05:45:00,0.314120
2026-03-05 05:50:00,0.221102
2026-03-05 05:55:00,0.243466
2026-03-05 06:00:00,0.262547
2026-03-05 06:05:00,0.264979
2026-03-05 06:10:00,0.308938
2026-03-05 06:15:00,0.287391
2026-03-05 06:20:00,0.343898
2026-03-05 06:25:00,0.346069
2026-03-05 06:30:00,0.430049
2026-03-05 06:35:00,0.351668
2026-03-05 06:40:00,0.289934
2026-03-05 06:45:00,0.320019
2026-03-05 06:50:00,0.353789
2026-03-05 06:55:00,0.411974
2026-03-05 07:00:00,0.433988
2026-03-05 07:05:00,0.357578
2026-03-05 07:10:00,0.384022
2026-03-05 07:15:00,0.319127
2026-03-05 07:20:00,0.415670
2026-03-05 07:25:00,0.391175
2026-03-05 07:30:00,0.232625
2026-03-05 07:35:00,0.281465
2026-03-05 07:40:00,0.342513
2026-03-05 07:45:00,0.320514
2026-03-05 07:50:00,0.364908
2026-03-05 07:55:00,0.194382
2026-03-05 08:00:00,0.298518
2026-03-05 08:05:00,0.416348
2026-03-05 08:10:00,0.230392
2026-03-05 08:15:00,0.373248
2026-03-05 08:20:00,0.402752
2026-03-05 08:25:00,0.367399
2026-03-05 08:30:00,0.379733
2026-03-05 08:35:00,0.359639
2026-03-05 08:40:00,0.394279
2026-03-05 08:45:00,0.454517
2026-03-05 08:50:00,0.326981
2026-03-05 08:55:00,0.280382
2026-03-05 09:00:00,0.241973
2026-03-05 09:05:00,0.327719
2026-03-05 09:10:00,0.243391
2026-03-05 09:15:00,0.257793
2026-03-05 09:20:00,0.380194
2026-03-05 09:25:00,0.337453
2026-03-05 09:30:00,0.215703
2026-03-05 09:35:00,0.490528
2026-03-05 09:40:00,0.405804
2026-03-05 09:45:00,0.334060
2026-03-05 09:50:00,0.305583
2026-03-05 09:55:00,0.321079
2026-03-05 10:00:00,0.392391
2026-03-05 10:05:00,0.348569
2026-03-05 10:10:00,0.262844
2026-03-05 10:15:00,0.402331
2026-03-05 10:20:00,0.335581
2026-03-05 10:25:00,0.340000
2026-03-05 10:30:00,0.313978
2026-03-05 10:35:00,0.280683
2026-03-05 10:40:00,0.358611
2026-03-05 10:45:00,0.343339
2026-03-05 10:50:00,0.279205
2026-03-05 10:55:00,0.307928
2026-03-05 11:00:00,0.356539
2026-03-05 11:05:00,0.395507
2026-03-05 11:10:00,0.208980
2026-03-05 11:15:00,0.344694
2026-03-05 11:20:00,0.416915
2026-03-05 11:25:00,0.362064
2026-03-05 11:30:00,0.276721
2026-03-05 11:35:00,0.241492
2026-03-05 11:40:00,0.276934
2026-03-05 11:45:00,0.266321
2026-03-05 11:50:00,0.346669
2026-03-05 11:55:00,0.337153
2026-03-05 12:00:00,0.352723
2026-03-05 12:05:00,0.177405
2026-03-05 12:10:00,0.291276
2026-03-05 12:15:00,0.244179
2026-03-05 12:20:00,0.179515
2026-03-05 12:25:00,0.500777
2026-03-05 12:30:00,0.312234
2026-03-05 12:35:00,0.406922
2026-03-05 12:40:00,0.378906
2026-03-05 12:45:00,0.218361
2026-03-05 12:50:00,0.187286
2026-03-05 12:55:00,0.262271
2026-03-05 13:00:00,0.303649
2026-03-05 13:05:00,0.263091
2026-03-05 13:10:00,0.315360
2026-03-05 13:15:00,0.251141
2026-03-05 13:20:00,0.346541
2026-03-05 13:25:00,0.229743
2026-03-05 13:30:00,0.265369
2026-03-05 13:35:00,0.269651
2026-03-05 13:40:00,0.250589
2026-03-05 13:45:00,0.215281
2026-03-05 13:50:00,0.163318
2026-03-05 13:55:00,0.313023
2026-03-05 14:00:00,0.373731
2026-03-05 14:05:00,0.289584
2026-03-05 14:10:00,0.233030
2026-03-05 14:15:00,0.191091
2026-03-05 14:20:00,0.166881
2026-03-05 14:25:00,0.291137
2026-03-05 14:30:00,0.197978
2026-03-05 14:35:00,0.146998
2026-03-05 14:40:00,0.191230
2026-03-05 14:45:00,0.249466
2026-03-05 14:50:00,0.292094
2026-03-05 14:55:00,0.274305
2026-03-05 15:00:00,0.207198
2026-03-05 15:05:00,0.167046
2026-03-05 15:10:00,0.181235
2026-03-05 15:15:00,0.105161
2026-03-05 15:20:00,0.137374
2026-03-05 15:25:00,0.242807
2026-03-05 15:30:00,0.393813
2026-03-05 15:35:00,0.261434
2026-03-05 15:40:00,0.295511
2026-03-05 15:45:00,0.273918
2026-03-05 15:50:00,0.261238
2026-03-05 15:55:00,0.289736
2026-03-05 16:00:00,0.300075
2026-03-05 16:05:00,0.322746
2026-03-05 16:10:00,0.336355
2026-03-05 16:15:00,0.284249
2026-03-05 16:20:00,0.195924
2026-03-05 16:25:00,0.303577
2026-03-05 16:30:00,0.314893
2026-03-05 16:35:00,0.155007
2026-03-05 16:40:00,0.195360
2026-03-05 16:45:00,0.241909
2026-03-05 16:50:00,0.207011
2026-03-05 16:55:00,0.095672
2026-03-05 17:00:00,0.101071
2026-03-05 17:05:00,0.276918
2026-03-05 17:10:00,0.146212
2026-03-05 17:15:00,0.207112
2026-03-05 17:20:00,0.192428
2026-03-05 17:25:00,0.173024
2026-03-05 17:30:00,0.298618
2026-03-05 17:35:00,0.242425
2026-03-05 17:40:00,0.214461
2026-03-05 17:45:00,0.192835
2026-03-05 17:50:00,0.183000
2026-03-05 17:55:00,0.229593
2026-03-05 18:00:00,0.213248
2026-03-05 18:05:00,0.284701
2026-03-05 18:10:00,0.256711
2026-03-05 18:15:00,0.310633
2026-03-05 18:20:00,0.233580
2026-03-05 18:25:00,0.165677
2026-03-05 18:30:00,0.293172
2026-03-05 18:35:00,0.336360
2026-03-05 18:40:00,0.236626
2026-03-05 18:45:00,0.259790
2026-03-05 18:50:00,0.188347
2026-03-05 18:55:00,0.278874
2026-03-05 19:00:00,0.142922
2026-03-05 19:05:00,0.276871
2026-03-05 19:10:00,0.282809
2026-03-05 19:15:00,0.358922
2026-03-05 19:20:00,0.149430
2026-03-05 19:25:00,0.217624
2026-03-05 19:30:00,0.297303
2026-03-05 19:35:00,0.161287
2026-03-05 19:40:00,0.289102
2026-03-05 19:45:00,0.109614
2026-03-05 19:50:00,0.237020
2026-03-05 19:55:00,0.154743
2026-03-05 20:00:00,0.289004
2026-03-05 20:05:00,0.270641
2026-03-05 20:10:00,0.137826
2026-03-05 20:15:00,0.237738
2026-03-05 20:20:00,0.160777
2026-03-05 20:25:00,0.212721
2026-03-05 20:30:00,0.253568
2026-03-05 20:35:00,0.178540
2026-03-05 20:40:00,0.192035
2026-03-05 20:45:00,0.222902
2026-03-05 20:50:00,0.151098
2026-03-05 20:55:00,0.268638
2026-03-05 21:00:00,0.379173
2026-03-05 21:05:00,0.277386
2026-03-05 21:10:00,0.320276
2026-03-05 21:15:00,0.218105
2026-03-05 21:20:00,0.283942
2026-03-05 21:25:00,0.140117
2026-03-05 21:30:00,0.358842
2026-03-05 21:35:00,0.238564
2026-03-05 21:40:00,0.203513
2026-03-05 21:45:00,0.202197
2026-03-05 21:50:00,0.171536
2026-03-05 21:55:00,0.162762
2026-03-05 22:00:00,0.204498
2026-03-05 22:05:00,0.275613
2026-03-05 22:10:00,0.345048
2026-03-05 22:15:00,0.368584
2026-03-05 22:20:00,0.242420
2026-03-05 22:25:00,0.287209
2026-03-05 22:30:00,0.123796
2026-03-05 22:35:00,0.272433
2026-03-05 22:40:00,0.182541
2026-03-05 22:45:00,0.272804
2026-03-05 22:50:00,0.199867
2026-03-05 22:55:00,0.354128
2026-03-05 23:00:00,0.310911
2026-03-05 23:05:00,0.152795
2026-03-05 23:10:00,0.316437
2026-03-05 23:15:00,0.296954
2026-03-05 23:20:00,0.186167
2026-03-05 23:25:00,0.359802
2026-03-05 23:30:00,0.061646
2026-03-05 23:35:00,0.234412
2026-03-05 23:40:00,0.272618
2026-03-05 23:45:00,0.308092
2026-03-05 23:50:00,0.395676
2026-03-05 23:55:00,0.428652
2026-03-06 00:00:00,0.194956
2026-03-06 00:05:00,0.284473
2026-03-06 00:10:00,0.404275
2026-03-06 00:15:00,0.323918
2026-03-06 00:20:00,0.395472
2026-03-06 00:25:00,0.337245
2026-03-06 00:30:00,0.278514
2026-03-06 00:35:00,0.257837
2026-03-06 00:40:00,0.322243
2026-03-06 00:45:00,0.396131
2026-03-06 00:50:00,0.321759
2026-03-06 00:55:00,0.406718
2026-03-06 01:00:00,0.396816
2026-03-06 01:05:00,0.431041
2026-03-06 01:10:00,0.311078
2026-03-06 01:15:00,0.306437
2026-03-06 01:20:00,0.345108
2026-03-06 01:25:00,0.329837
2026-03-06 01:30:00,0.286826
2026-03-06 01:35:00,0.289045
2026-03-06 01:40:00,0.411709
2026-03-06 01:45:00,0.325995
2026-03-06 01:50:00,0.339145
2026-03-06 01:55:00,0.328571
2026-03-06 02:00:00,0.246840
2026-03-06 02:05:00,0.307741
2026-03-06 02:10:00,0.284304
2026-03-06 02:15:00,0.330236
2026-03-06 02:20:00,0.319430
2026-03-06 02:25:00,0.506344
2026-03-06 02:30:00,0.444917
2026-03-06 02:35:00,0.380781
2026-03-06 02:40:00,0.313763
2026-03-06 02:45:00,0.377871
2026-03-06 02:50:00,0.428563
2026-03-06 02:55:00,0.349928
2026-03-06 03:00:00,0.448702
2026-03-06 03:05:00,0.310767
2026-03-06 03:10:00,0.280331
2026-03-06 03:15:00,0.360658
2026-03-06 03:20:00,0.282668
2026-03-06 03:25:00,0.310955
2026-03-06 03:30:00,0.322358
2026-03-06 03:35:00,0.315589
2026-03-06 03:40:00,0.357136
2026-03-06 03:45:00,0.202464
2026-03-06 03:50:00,0.331704
2026-03-06 03:55:00,0.378037
2026-03-06 04:00:00,0.350043
2026-03-06 04:05:00,0.230806
2026-03-06 04:10:00,0.402484
2026-03-06 04:15:00,0.281664
2026-03-06 04:20:00,0.330699
2026-03-06 04:25:00,0.299412
2026-03-06 04:30:00,0.422928
2026-03-06 04:35:00,0.522302
2026-03-06 04:40:00,0.324399
2026-03-06 04:45:00,0.311575
2026-03-06 04:50:00,0.286713
2026-03-06 04:55:00,0.385068
2026-03-06 05:00:00,0.456238
2026-03-06 05:05:00,0.247093
2026-03-06 05:10:00,0.562704
2026-03-06 05:15:00,0.282299
2026-03-06 05:20:00,0.404384
2026-03-06 05:25:00,0.416633
2026-03-06 05:30:00,0.369519
2026-03-06 05:35:00,0.294033
2026-03-06 05:40:00,0.270430
2026-03-06 05:45:00,0.452407
2026-03-06 05:50:00,0.252519
2026-03-06 05:55:00,0.505644
2026-03-06 06:00:00,0.227927
2026-03-06 06:05:00,0.414127
2026-03-06 06:10:00,0.269737
2026-03-06 06:15:00,0.291289
2026-03-06 06:20:00,0.344170
2026-03-06 06:25:00,0.391671
2026-03-06 06:30:00,0.254132
2026-03-06 06:35:00,0.397458
2026-03-06 06:40:00,0.332510
2026-03-06 06:45:00,0.349777
2026-03-06 06:50:00,0.385149
2026-03-06 06:55:00,0.437625
2026-03-06 07:00:00,0.369213
2026-03-06 07:05:00,0.339444
2026-03-06 07:10:00,0.292652
2026-03-06 07:15:00,0.363594
2026-03-06 07:20:00,0.305816
2026-03-06 07:25:00,0.299630
2026-03-06 07:30:00,0.366283
2026-03-06 07:35:00,0.324721
2026-03-06 07:40:00,0.451181
2026-03-06 07:45:00,0.456533
2026-03-06 07:50:00,0.416478
2026-03-06 07:55:00,0.400485
2026-03-06 08:00:00,0.335844
2026-03-06 08:05:00,0.366037
2026-03-06 08:10:00,0.345555
2026-03-06 08:15:00,0.375283
2026-03-06 08:20:00,0.361772
2026-03-06 08:25:00,0.442755
2026-03-06 08:30:00,0.377888
2026-03-06 08:35:00,0.431932
2026-03-06 08:40:00,0.359087
2026-03-06 08:45:00,0.445274
2026-03-06 08:50:00,0.402111
2026-03-06 08:55:00,0.275575
2026-03-06 09:00:00,0.270330
2026-03-06 09:05:00,0.282919
2026-03-06 09:10:00,0.433846
2026-03-06 09:15:00,0.376543
2026-03-06 09:20:00,0.393474
2026-03-06 09:25:00,0.345502
2026-03-06 09:30:00,0.228485
2026-03-06 09:35:00,0.207404
2026-03-06 09:40:00,0.286446
2026-03-06 09:45:00,0.253787
2026-03-06 09:50:00,0.253220
2026-03-06 09:55:00,0.417088
2026-03-06 10:00:00,0.357544
2026-03-06 10:05:00,0.271228
2026-03-06 10:10:00,0.354413
2026-03-06 10:15:00,0.301567
2026-03-06 10:20:00,0.287381
2026-03-06 10:25:00,0.243649
2026-03-06 10:30:00,0.301099
2026-03-06 10:35:00,0.166789
2026-03-06 10:40:00,0.259146
2026-03-06 10:45:00,0.261275
2026-03-06 10:50:00,0.554381
2026-03-06 10:55:00,0.251763
2026-03-06 11:00:00,0.390440
2026-03-06 11:05:00,0.316629
2026-03-06 11:10:00,0.203183
2026-03-06 11:15:00,0.445706
2026-03-06 11:20:00,0.419741
2026-03-06 11:25:00,0.210369
2026-03-06 11:30:00,0.308482
2026-03-06 11:35:00,0.326640
2026-03-06 11:40:00,0.313745
2026-03-06 11:45:00,0.361861
2026-03-06 11:50:00,0.262236
2026-03-06 11:55:00,0.267145
2026-03-06 12:00:00,0.356843
2026-03-06 12:05:00,0.179515
2026-03-06 12:10:00,0.160323
2026-03-06 12:15:00,0.288845
2026-03-06 12:20:00,0.255994
2026-03-06 12:25:00,0.224325
2026-03-06 12:30:00,0.222403
2026-03-06 12:35:00,0.295493
2026-03-06 12:40:00,0.306920
2026-03-06 12:45:00,0.308178
2026-03-06 12:50:00,0.202929
2026-03-06 12:55:00,0.330191
2026-03-06 13:00:00,0.369379
2026-03-06 13:05:00,0.174085
2026-03-06 13:10:00,0.287604
2026-03-06 13:15:00,0.332217
2026-03-06 13:20:00,0.386922
2026-03-06 13:25:00,0.251640
2026-03-06 13:30:00,0.193178
2026-03-06 13:35:00,0.081419
2026-03-06 13:40:00,0.301603
2026-03-06 13:45:00,0.301911
2026-03-06 13:50:00,0.311752
2026-03-06 13:55:00,0.321990
2026-03-06 14:00:00,0.296923
2026-03-06 14:05:00,0.384145
2026-03-06 14:10:00,0.244734
2026-03-06 14:15:00,0.288362
2026-03-06 14:20:00,0.442567
2026-03-06 14:25:00,0.292868
2026-03-06 14:30:00,0.221705
2026-03-06 14:35:00,0.175312
2026-03-06 14:40:00,0.263290
2026-03-06 14:45:00,0.270434
2026-03-06 14:50:00,0.318772
2026-03-06 14:55:00,0.269021
2026-03-06 15:00:00,0.321576
2026-03-06 15:05:00,0.209169
2026-03-06 15:10:00,0.241732
2026-03-06 15:15:00,0.240773
2026-03-06 15:20:00,0.054974
2026-03-06 15:25:00,0.318199
2026-03-06 15:30:00,0.197043
2026-03-06 15:35:00,0.247857
2026-03-06 15:40:00,0.313811
2026-03-06 15:45:00,0.212159
2026-03-06 15:50:00,0.224593
2026-03-06 15:55:00,0.124653
2026-03-06 16:00:00,0.206163
2026-03-06 16:05:00,0.150140
2026-03-06 16:10:00,0.317856
2026-03-06 16:15:00,0.230120
2026-03-06 16:20:00,0.228916
2026-03-06 16:25:00,0.243648
2026-03-06 16:30:00,0.276314
2026-03-06 16:35:00,0.353551
2026-03-06 16:40:00,0.230202
2026-03-06 16:45:00,0.173019
2026-03-06 16:50:00,0.256688
2026-03-06 16:55:00,0.224181
2026-03-06 17:00:00,0.213613
2026-03-06 17:05:00,0.285675
2026-03-06 17:10:00,0.177390
2026-03-06 17:15:00,0.139160
2026-03-06 17:20:00,0.081598
2026-03-06 17:25:00,0.206378
2026-03-06 17:30:00,0.212636
2026-03-06 17:35:00,0.262596
2026-03-06 17:40:00,0.274901
2026-03-06 17:45:00,0.200408
2026-03-06 17:50:00,0.188293
2026-03-06 17:55:00,0.383680
2026-03-06 18:00:00,0.298570
2026-03-06 18:05:00,0.339154
2026-03-06 18:10:00,0.262564
2026-03-06 18:15:00,0.222209
2026-03-06 18:20:00,0.271915
2026-03-06 18:25:00,0.363401
2026-03-06 18:30:00,0.249229
2026-03-06 18:35:00,0.306274
2026-03-06 18:40:00,0.271621
2026-03-06 18:45:00,0.120627
2026-03-06 18:50:00,0.080898
2026-03-06 18:55:00,0.353509
2026-03-06 19:00:00,0.276081
2026-03-06 19:05:00,0.391534
2026-03-06 19:10:00,0.186626
2026-03-06 19:15:00,0.314191
2026-03-06 19:20:00,0.194155
2026-03-06 19:25:00,0.158625
2026-03-06 19:30:00,0.245079
2026-03-06 19:35:00,0.224621
2026-03-06 19:40:00,0.257687
2026-03-06 19:45:00,0.343216
2026-03-06 19:50:00,0.270297
2026-03-06 19:55:00,0.343136
2026-03-06 20:00:00,0.152460
2026-03-06 20:05:00,0.255441
2026-03-06 20:10:00,0.450477
2026-03-06 20:15:00,0.237003
2026-03-06 20:20:00,0.263817
2026-03-06 20:25:00,0.324309
2026-03-06 20:30:00,0.177686
2026-03-06 20:35:00,0.186898
2026-03-06 20:40:00,0.281649
2026-03-06 20:45:00,0.338303
2026-03-06 20:50:00,0.345362
2026-03-06 20:55:00,0.169834
2026-03-06 21:00:00,0.276763
2026-03-06 21:05:00,0.180308
2026-03-06 21:10:00,0.282710
2026-03-06 21:15:00,0.323203
2026-03-06 21:20:00,0.277856
2026-03-06 21:25:00,0.238903
2026-03-06 21:30:00,0.339919
2026-03-06 21:35:00,0.249160
2026-03-06 21:40:00,0.274949
2026-03-06 21:45:00,0.365960
2026-03-06 21:50:00,0.323323
2026-03-06 21:55:00,0.213803
2026-03-06 22:00:00,0.216067
2026-03-06 22:05:00,0.218942
2026-03-06 22:10:00,0.276963
2026-03-06 22:15:00,0.313489
2026-03-06 22:20:00,0.269399
2026-03-06 22:25:00,0.305396
2026-03-06 22:30:00,0.451112
2026-03-06 22:35:00,0.178430
2026-03-06 22:40:00,0.224574
2026-03-06 22:45:00,0.357407
2026-03-06 22:50:00,0.340908
2026-03-06 22:55:00,0.355048
2026-03-06 23:00:00,0.291843
2026-03-06 23:05:00,0.316805
2026-03-06 23:10:00,0.320369
2026-03-06 23:15:00,0.423353
2026-03-06 23:20:00,0.295157
2026-03-06 23:25:00,0.182479
2026-03-06 23:30:00,0.282736
2026-03-06 23:35:00,0.301942
2026-03-06 23:40:00,0.411166
2026-03-06 23:45:00,0.329561
2026-03-06 23:50:00,0.221110
2026-03-06 23:55:00,0.224477
2026-03-07 00:00:00,0.330887
2026-03-07 00:05:00,0.286325
2026-03-07 00:10:00,0.259319
2026-03-07 00:15:00,0.208092
2026-03-07 00:20:00,0.354681
2026-03-07 00:25:00,0.408481
2026-03-07 00:30:00,0.400966
2026-03-07 00:35:00,0.260510
2026-03-07 00:40:00,0.364721
2026-03-07 00:45:00,0.319041
2026-03-07 00:50:00,0.344655
2026-03-07 00:55:00,0.245829
2026-03-07 01:00:00,0.215617
2026-03-07 01:05:00,0.267966
2026-03-07 01:10:00,0.318727
2026-03-07 01:15:00,0.308381
2026-03-07 01:20:00,0.257095
2026-03-07 01:25:00,0.377932
2026-03-07 01:30:00,0.351226
2026-03-07 01:35:00,0.283581
2026-03-07 01:40:00,0.372197
2026-03-07 01:45:00,0.179249
2026-03-07 01:50:00,0.311413
2026-03-07 01:55:00,0.356656
2026-03-07 02:00:00,0.381207
2026-03-07 02:05:00,0.403386
2026-03-07 02:10:00,0.268304
2026-03-07 02:15:00,0.411744
2026-03-07 02:20:00,0.301648
2026-03-07 02:25:00,0.277518
2026-03-07 02:30:00,0.313074
2026-03-07 02:35:00,0.395663
2026-03-07 02:40:00,0.282561
2026-03-07 02:45:00,0.185414
2026-03-07 02:50:00,0.441466
2026-03-07 02:55:00,0.295026
2026-03-07 03:00:00,0.344962
2026-03-07 03:05:00,0.468902
2026-03-07 03:10:00,0.338735
2026-03-07 03:15:00,0.413214
2026-03-07 03:20:00,0.290984
2026-03-07 03:25:00,0.333888
2026-03-07 03:30:00,0.381259
2026-03-07 03:35:00,0.291790
2026-03-07 03:40:00,0.291702
2026-03-07 03:45:00,0.298010
2026-03-07 03:50:00,0.435550
2026-03-07 03:55:00,0.337457
2026-03-07 04:00:00,0.275369
2026-03-07 04:05:00,0.290839
2026-03-07 04:10:00,0.421350
2026-03-07 04:15:00,0.377510
2026-03-07 04:20:00,0.458483
2026-03-07 04:25:00,0.419533
2026-03-07 04:30:00,0.363573
2026-03-07 04:35:00,0.289248
2026-03-07 04:40:00,0.434878
2026-03-07 04:45:00,0.320370
2026-03-07 04:50:00,0.401466
2026-03-07 04:55:00,0.402200
2026-03-07 05:00:00,0.347693
2026-03-07 05:05:00,0.335946
2026-03-07 05:10:00,0.371818
2026-03-07 05:15:00,0.371006
2026-03-07 05:20:00,0.354035
2026-03-07 05:25:00,0.407520
2026-03-07 05:30:00,0.387887
2026-03-07 05:35:00,0.432609
2026-03-07 05:40:00,0.357857
2026-03-07 05:45:00,0.401731
2026-03-07 05:50:00,0.357400
2026-03-07 05:55:00,0.531788
2026-03-07 06:00:00,0.527126
2026-03-07 06:05:00,0.370522
2026-03-07 06:10:00,0.372755
2026-03-07 06:15:00,0.289054
2026-03-07 06:20:00,0.302099
2026-03-07 06:25:00,0.318760
2026-03-07 06:30:00,0.384441
2026-03-07 06:35:00,0.373375
2026-03-07 06:40:00,0.351283
2026-03-07 06:45:00,0.248977
2026-03-07 06:50:00,0.352003
2026-03-07 06:55:00,0.265148
2026-03-07 07:00:00,0.398633
2026-03-07 07:05:00,0.375551
2026-03-07 07:10:00,0.421344
2026-03-07 07:15:00,0.493584
2026-03-07 07:20:00,0.283342
2026-03-07 07:25:00,0.293023
2026-03-07 07:30:00,0.394364
2026-03-07 07:35:00,0.418216
2026-03-07 07:40:00,0.488469
2026-03-07 07:45:00,0.347225
2026-03-07 07:50:00,0.391571
2026-03-07 07:55:00,0.333193
2026-03-07 08:00:00,0.353583
2026-03-07 08:05:00,0.387989
2026-03-07 08:10:00,0.503671
2026-03-07 08:15:00,0.382900
2026-03-07 08:20:00,0.237584
2026-03-07 08:25:00,0.249841
2026-03-07 08:30:00,0.321458
2026-03-07 08:35:00,0.337802
2026-03-07 08:40:00,0.301442
2026-03-07 08:45:00,0.497157
2026-03-07 08:50:00,0.269170
2026-03-07 08:55:00,0.314497
2026-03-07 09:00:00,0.309784
2026-03-07 09:05:00,0.247738
2026-03-07 09:10:00,0.390483
2026-03-07 09:15:00,0.414650
2026-03-07 09:20:00,0.298849
2026-03-07 09:25:00,0.325651
2026-03-07 09:30:00,0.121980
2026-03-07 09:35:00,0.381635
2026-03-07 09:40:00,0.308132
2026-03-07 09:45:00,0.350577
2026-03-07 09:50:00,0.213130
2026-03-07 09:55:00,0.199947
2026-03-07 10:00:00,0.222670
2026-03-07 10:05:00,0.245143
2026-03-07 10:10:00,0.190033
2026-03-07 10:15:00,0.500763
2026-03-07 10:20:00,0.276179
2026-03-07 10:25:00,0.399007
2026-03-07 10:30:00,0.378773
2026-03-07 10:35:00,0.303087
2026-03-07 10:40:00,0.272677
2026-03-07 10:45:00,0.214545
2026-03-07 10:50:00,0.347284
2026-03-07 10:55:00,0.420222
2026-03-07 11:00:00,0.284858
2026-03-07 11:05:00,0.408288
2026-03-07 11:10:00,0.331742
2026-03-07 11:15:00,0.181810
2026-03-07 11:20:00,0.279026
2026-03-07 11:25:00,0.136889
2026-03-07 11:30:00,0.207525
2026-03-07 11:35:00,0.250870
2026-03-07 11:40:00,0.277593
2026-03-07 11:45:00,0.358401
2026-03-07 11:50:00,0.277421
2026-03-07 11:55:00,0.259803
2026-03-07 12:00:00,0.253565
2026-03-07 12:05:00,0.303593
2026-03-07 12:10:00,0.265405
2026-03-07 12:15:00,0.165380
2026-03-07 12:20:00,0.276937
2026-03-07 12:25:00,0.364174
2026-03-07 12:30:00,0.400227
2026-03-07 12:35:00,0.318162
2026-03-07 12:40:00,0.261451
2026-03-07 12:45:00,0.313818
2026-03-07 12:50:00,0.389396
2026-03-07 12:55:00,0.217743
2026-03-07 13:00:00,0.285129
2026-03-07 13:05:00,0.194702
2026-03-07 13:10:00,0.271267
2026-03-07 13:15:00,0.362709
2026-03-07 13:20:00,0.262163
2026-03-07 13:25:00,0.259445
2026-03-07 13:30:00,0.314890
2026-03-07 13:35:00,0.381863
2026-03-07 13:40:00,0.297030
2026-03-07 13:45:00,0.286163
2026-03-07 13:50:00,0.345344
2026-03-07 13:55:00,0.192224
2026-03-07 14:00:00,0.316517
2026-03-07 14:05:00,0.269040
2026-03-07 14:10:00,0.153427
2026-03-07 14:15:00,0.302144
2026-03-07 14:20:00,0.327418
2026-03-07 14:25:00,0.227792
2026-03-07 14:30:00,0.307096
2026-03-07 14:35:00,0.229490
2026-03-07 14:40:00,0.207109
2026-03-07 14:45:00,0.326916
2026-03-07 14:50:00,0.143037
2026-03-07 14:55:00,0.216237
2026-03-07 15:00:00,0.146644
2026-03-07 15:05:00,0.228320
2026-03-07 15:10:00,0.340577
2026-03-07 15:15:00,0.222597
2026-03-07 15:20:00,0.234427
2026-03-07 15:25:00,0.275619
2026-03-07 15:30:00,0.204033
2026-03-07 15:35:00,0.214157
2026-03-07 15:40:00,0.217325
2026-03-07 15:45:00,0.244244
2026-03-07 15:50:00,0.275341
2026-03-07 15:55:00,0.289099
2026-03-07 16:00:00,0.340200
2026-03-07 16:05:00,0.229940
2026-03-07 16:10:00,0.228376
2026-03-07 16:15:00,0.254518
2026-03-07 16:20:00,0.300507
2026-03-07 16:25:00,0.218941
2026-03-07 16:30:00,0.322361
2026-03-07 16:35:00,0.325504
2026-03-07 16:40:00,0.225843
2026-03-07 16:45:00,0.285723
2026-03-07 16:50:00,0.232843
2026-03-07 16:55:00,0.212031
2026-03-07 17:00:00,0.198488
2026-03-07 17:05:00,0.417592
2026-03-07 17:10:00,0.276805
2026-03-07 17:15:00,0.142172
2026-03-07 17:20:00,0.281072
2026-03-07 17:25:00,0.247373
2026-03-07 17:30:00,0.255561
2026-03-07 17:35:00,0.332408
2026-03-07 17:40:00,0.090527
2026-03-07 17:45:00,0.160225
2026-03-07 17:50:00,0.207846
2026-03-07 17:55:00,0.204150
2026-03-07 18:00:00,0.261684
2026-03-07 18:05:00,0.218764
2026-03-07 18:10:00,0.404982
2026-03-07 18:15:00,0.256670
2026-03-07 18:20:00,0.247319
2026-03-07 18:25:00,0.223179
2026-03-07 18:30:00,0.276878
2026-03-07 18:35:00,0.352343
2026-03-07 18:40:00,0.310211
2026-03-07 18:45:00,0.133160
2026-03-07 18:50:00,0.293029
2026-03-07 18:55:00,0.165545
2026-03-07 19:00:00,0.262329
2026-03-07 19:05:00,0.192632
2026-03-07 19:10:00,0.259418
2026-03-07 19:15:00,0.298214
2026-03-07 19:20:00,0.213331
2026-03-07 19:25:00,0.222150
2026-03-07 19:30:00,0.345985
2026-03-07 19:35:00,0.206776
2026-03-07 19:40:00,0.179641
2026-03-07 19:45:00,0.321392
2026-03-07 19:50:00,0.281374
2026-03-07 19:55:00,0.346245
2026-03-07 20:00:00,0.339039
2026-03-07 20:05:00,0.272016
2026-03-07 20:10:00,0.290432
2026-03-07 20:15:00,0.305944
2026-03-07 20:20:00,0.323075
2026-03-07 20:25:00,0.291204
2026-03-07 20:30:00,0.193417
2026-03-07 20:35:00,0.276987
2026-03-07 20:40:00,0.214771
2026-03-07 20:45:00,0.186206
2026-03-07 20:50:00,0.238950
2026-03-07 20:55:00,0.145989
2026-03-07 21:00:00,0.362188
2026-03-07 21:05:00,0.291180
2026-03-07 21:10:00,0.269006
2026-03-07 21:15:00,0.175949
2026-03-07 21:20:00,0.304294
2026-03-07 21:25:00,0.217115
2026-03-07 21:30:00,0.309835
2026-03-07 21:35:00,0.214128
2026-03-07 21:40:00,0.366303
2026-03-07 21:45:00,0.299140
2026-03-07 21:50:00,0.263900
2026-03-07 21:55:00,0.306110
2026-03-07 22:00:00,0.419088
2026-03-07 22:05:00,0.442614
2026-03-07 22:10:00,0.365751
2026-03-07 22:15:00,0.288129
2026-03-07 22:20:00,0.263445
2026-03-07 22:25:00,0.264156
2026-03-07 22:30:00,0.207801
2026-03-07 22:35:00,0.243027
2026-03-07 22:40:00,0.273964
2026-03-07 22:45:00,0.201786
2026-03-07 22:50:00,0.336372
2026-03-07 22:55:00,0.432766
2026-03-07 23:00:00,0.339664
2026-03-07 23:05:00,0.259850
2026-03-07 23:10:00,0.399882
2026-03-07 23:15:00,0.285231
2026-03-07 23:20:00,0.274593
2026-03-07 23:25:00,0.274001
2026-03-07 23:30:00,0.148130
2026-03-07 23:35:00,0.292638
2026-03-07 23:40:00,0.177222
2026-03-07 23:45:00,0.308036
2026-03-07 23:50:00,0.257025
2026-03-07 23:55:00,0.304674
